iteration,ep_len_mean,ep_rew_mean,fps,time_elapsed,total_timesteps,approx_kl,clip_fraction,clip_range,entropy_loss,explained_variance,learning_rate,loss,n_updates,policy_gradient_loss,value_loss
0,0,0,0,0,0,0,0,0.1,0,0,0,0,0,0,0
0,0,0,0,0,0,0.0033082627,0.1755859375,0.1,-1.7888802174478768,0.05005943775177002,5e-05,8.117596626281738,10,-0.01442603507603053,9.358323635160923
0,0,0,0,0,0,0.0043053343,0.25009765625,0.1,-1.7852053549140692,0.04987776279449463,5e-05,4.471170425415039,20,-0.02082596196560189,6.646568156778812
0,0,0,0,0,0,0.0022805706,0.07919921875,0.1,-1.7807677552103995,0.10436469316482544,5e-05,9.401809692382812,30,-0.012646752715227194,8.29437247738242
0,0,0,0,0,0,0.004421884,0.2505859375,0.1,-1.7705495577305554,0.05808579921722412,5e-05,9.809015274047852,40,-0.01982306736463215,7.807779711484909
0,0,0,0,0,0,0.00253449,0.1478515625,0.1,-1.7645368296653032,0.10024219751358032,5e-05,6.547513008117676,50,-0.01566947991559573,7.636660838872194
0,0,0,0,0,0,0.0024404277,0.0845703125,0.1,-1.7614676658064128,0.037091076374053955,5e-05,16.96643829345703,60,-0.012529494489717763,10.496712896227837
0,0,0,0,0,0,0.0023689773,0.15283203125,0.1,-1.7619956824928522,0.09101057052612305,5e-05,17.392372131347656,70,-0.014040862765978091,12.86755899786949
0,0,0,0,0,0,0.0027263048,0.19814453125,0.1,-1.7598454158753156,0.06812012195587158,5e-05,9.09573745727539,80,-0.015928960984456352,10.609644228219986
0,0,0,0,0,0,0.0037264414,0.16328125,0.1,-1.7553676698356866,0.12919294834136963,5e-05,10.077752113342285,90,-0.01535874824912753,8.728946040570737
0,0,0,0,0,0,0.0022146848,0.07353515625,0.1,-1.7564382065087556,0.02894490957260132,5e-05,27.992712020874023,100,-0.008656127606082009,13.823621125519276
0,0,0,0,0,0,0.0013267973,0.04296875,0.1,-1.7538169912993908,0.009271085262298584,5e-05,1828.1307373046875,110,-0.00174608578599873,696.9500938028098
0,0,0,0,0,0,0.0027273032,0.162890625,0.1,-1.7561968985944987,-0.17515528202056885,5e-05,14.780841827392578,120,-0.012164059042697772,14.659139278531075
0,0,0,0,0,0,0.0026715496,0.04697265625,0.1,-1.755701470375061,0.02526646852493286,5e-05,20.85761260986328,130,-0.005157482378854184,351.42962131649256
0,0,0,0,0,0,0.0032018947,0.13134765625,0.1,-1.7493099968880415,0.22508776187896729,5e-05,13.613297462463379,140,-0.009605947800446301,11.835501405596734
0,0,0,0,0,0,0.0012375356,0.01904296875,0.1,-1.7408625483512878,0.042554378509521484,5e-05,76.8991928100586,150,-0.0041115081192401705,347.3546627655625
0,0,0,0,0,0,0.0019750681,0.06865234375,0.1,-1.7388279039412737,0.31695449352264404,5e-05,6.191199779510498,160,-0.006174566558911465,14.368343490362168
0,0,0,0,0,0,0.003100229,0.106640625,0.1,-1.7287763096392155,0.42254602909088135,5e-05,7.200342655181885,170,-0.009541902935598045,10.6622318290174
0,0,0,0,0,0,0.0016002127,0.02978515625,0.1,-1.7248812664300204,0.04247933626174927,5e-05,24.95058250427246,180,-0.002750483348791022,347.55926639586687
0,0,0,0,0,0,0.0019522822,0.0533203125,0.1,-1.7220077097415925,0.050975680351257324,5e-05,23.09773826599121,190,-0.00363911796521279,349.94873947501185
0,0,0,0,0,0,0.0012638746,0.00986328125,0.1,-1.71995994374156,0.026092886924743652,5e-05,1856.4241943359375,200,-0.001712566123023862,656.6180755972862
0,0,0,0,0,0,0.001827195,0.0609375,0.1,-1.7230834417045116,0.07397663593292236,5e-05,573.9298706054688,210,-0.003141268880426651,341.7273947536945
0,0,0,0,0,0,0.0035403315,0.11796875,0.1,-1.7141975529491902,0.11604773998260498,5e-05,19.52489471435547,220,-0.005168954551481875,331.8963659614325
0,0,0,0,0,0,0.001873284,0.05537109375,0.1,-1.7123085524886847,-0.07340145111083984,5e-05,428.98248291015625,230,-0.0027100889608846048,360.2822065457702
0,0,0,0,0,0,0.0027304841,0.09033203125,0.1,-1.7021365605294705,-0.0010199546813964844,5e-05,4903.12451171875,240,-0.0044667898640909694,955.6212055623531
0,0,0,0,0,0,0.0014477111,0.04443359375,0.1,-1.7089245289564132,0.04301196336746216,5e-05,60.4088249206543,250,-0.0018536199117079378,626.6462427556514
0,0,0,0,0,0,0.0022454488,0.1,0.1,-1.7026589889079333,0.08474886417388916,5e-05,2772.001953125,260,-0.004150157021649647,918.4406700849534
0,0,0,0,0,0,0.002106977,0.03427734375,0.1,-1.6848568480461836,0.07495975494384766,5e-05,544.8736572265625,270,-0.001581665409321431,927.1011052429676
0,0,0,0,0,0,0.0031267013,0.14404296875,0.1,-1.697504197433591,0.15876030921936035,5e-05,76.65312194824219,280,-0.004448734181278269,306.7622980281711
0,0,0,0,0,0,0.00091419456,0.0158203125,0.1,-1.6949837427586316,0.07898783683776855,5e-05,2270.420166015625,290,-0.0012978729791939259,905.4123968660831
0,0,0,0,0,0,0.0020525723,0.0337890625,0.1,-1.675617154315114,0.09236925840377808,5e-05,514.1649169921875,300,-0.0013368620362598448,889.6595037162303
0,0,0,0,0,0,0.0023650536,0.036328125,0.1,-1.6747382927685976,0.05184805393218994,5e-05,1517.7283935546875,310,-0.0007130288489861414,1424.2477852463721
0,0,0,0,0,0,0.0009866027,0.02822265625,0.1,-1.6750573884695767,0.07078391313552856,5e-05,1714.7298583984375,320,-0.0008952531090471894,1116.0152899742127
0,0,0,0,0,0,0.0018251345,0.09140625,0.1,-1.6639022532850505,0.10269492864608765,5e-05,477.23980712890625,330,-0.002667981967169908,1354.7305725336075
0,0,0,0,0,0,0.0021932088,0.066796875,0.1,-1.6639224234968424,0.08721804618835449,5e-05,378.14984130859375,340,-0.0023994403221877293,1116.8653480529786
0,0,0,0,0,0,0.0030672778,0.09541015625,0.1,-1.6602986369282007,0.11054182052612305,5e-05,2991.791015625,350,-0.003361634081375087,1574.896671104431
0,0,0,0,0,0,0.0013029425,0.03203125,0.1,-1.6719067819416522,0.12772715091705322,5e-05,258.6739196777344,360,-0.00047970399973564783,797.5422191977501
0,0,0,0,0,0,0.0019713754,0.05205078125,0.1,-1.6645877931267024,0.15568482875823975,5e-05,2077.822021484375,370,-0.001867223459703382,556.4112698972225
0,0,0,0,0,0,0.002891512,0.105078125,0.1,-1.6609729316085577,0.17785495519638062,5e-05,722.2169189453125,380,-0.0024868596337910276,1038.955485856533
0,0,0,0,0,0,0.0008327678,0.0126953125,0.1,-1.6610591225326061,0.2005249261856079,5e-05,468.39288330078125,390,-0.0005890069332963321,1026.4969975173474
0,0,0,0,0,0,0.002560447,0.0828125,0.1,-1.6601959049701691,0.17437070608139038,5e-05,19.802324295043945,400,-0.0013620345140225253,787.1041154503822
0,0,0,0,0,0,0.0012889035,0.0376953125,0.1,-1.6526071984320878,0.0800011157989502,5e-05,1603.5103759765625,410,-0.0009897537653159815,1306.6092584133148
0,0,0,0,0,0,0.0042513404,0.0728515625,0.1,-1.6422277931123972,0.13573330640792847,5e-05,1639.927734375,420,-0.002448890501545975,1548.8143888950349
0,0,0,0,0,0,0.0023105023,0.08515625,0.1,-1.633333856984973,0.1179964542388916,5e-05,2395.51220703125,430,-0.0017115694521635306,1501.203732585907
0,0,0,0,0,0,0.0022745994,0.1150390625,0.1,-1.6574737098068,0.021955013275146484,5e-05,391.6014709472656,440,-0.0016348790370102507,971.9821976780892
0,0,0,0,0,0,0.0009008343,0.03994140625,0.1,-1.6338979054242373,0.15034496784210205,5e-05,753.231689453125,450,-0.000333680359472055,1431.0499336481093
0,0,0,0,0,0,0.0024916362,0.10732421875,0.1,-1.649188481271267,0.13247740268707275,5e-05,359.8085021972656,460,-0.0023578225584060418,733.3921572685242
0,0,0,0,0,0,0.0023230896,0.10078125,0.1,-1.6250856228172779,0.19627130031585693,5e-05,1428.88720703125,470,-0.002300655859289691,1416.322582614422
0,0,0,0,0,0,0.0019949754,0.1283203125,0.1,-1.644465297088027,0.14862138032913208,5e-05,173.0828094482422,480,-0.0035397877581999637,948.2009756088257
0,0,0,0,0,0,0.0024088246,0.10771484375,0.1,-1.6213628355413676,0.20754235982894897,5e-05,1088.172607421875,490,-0.0018918809772003442,1579.7824400782586
0,0,0,0,0,0,0.0019095875,0.11611328125,0.1,-1.6454946622252464,0.1311590075492859,5e-05,697.783203125,500,-0.0019701451950822958,702.3509464263916
0,0,0,0,0,0,0.0026334485,0.0697265625,0.1,-1.6290360186249018,0.18808114528656006,5e-05,974.7412109375,510,-0.0009748244832735508,1106.3366709709167
0,0,0,0,0,0,0.0020040283,0.0740234375,0.1,-1.624127371609211,0.25151753425598145,5e-05,73.80529022216797,520,-0.001840089712641202,1538.4056718349457
0,0,0,0,0,0,0.0018723339,0.08603515625,0.1,-1.6152407418936492,0.25580447912216187,5e-05,2240.61962890625,530,-0.001597732304071542,1493.6567501485347
0,0,0,0,0,0,0.0022821655,0.06806640625,0.1,-1.6240794382989407,0.2302120327949524,5e-05,1624.0460205078125,540,-0.001770466085872613,1130.9323976397513
0,0,0,0,0,0,0.0016596194,0.08544921875,0.1,-1.6065789304673672,0.25522881746292114,5e-05,3383.799072265625,550,-0.0018602007869048976,1276.7532389760017
0,0,0,0,0,0,0.0017809541,0.03203125,0.1,-1.5872175812721252,0.23635435104370117,5e-05,2099.00146484375,560,-0.0012926853531098458,1701.5985480546951
0,0,0,0,0,0,0.0025252232,0.09912109375,0.1,-1.6243445187807084,0.21279799938201904,5e-05,1049.82421875,570,-0.0020463207081775183,1438.8634763240814
0,0,0,0,0,0,0.001765107,0.11337890625,0.1,-1.602739004418254,0.20985984802246094,5e-05,1952.503173828125,580,-0.0014987329399446026,1242.8644683361053
0,0,0,0,0,0,0.0012808135,0.08046875,0.1,-1.6181189704686403,0.20209479331970215,5e-05,1896.756591796875,590,-0.0017334621672489448,1006.3948260426521
0,0,0,0,0,0,0.001821269,0.07802734375,0.1,-1.6057352636009454,0.2594418525695801,5e-05,223.1466522216797,600,-0.0007598800846608355,1160.5085939645767
0,0,0,0,0,0,0.0019592708,0.0880859375,0.1,-1.5984945427626371,0.2693336606025696,5e-05,1077.862060546875,610,-0.0007350096726440825,1364.770246362686
0,0,0,0,0,0,0.0018313075,0.07001953125,0.1,-1.5967543322592974,0.24164962768554688,5e-05,955.37744140625,620,-0.00180506839096779,1333.2322623491286
0,0,0,0,0,0,0.0014891024,0.0505859375,0.1,-1.5817670114338398,0.23392027616500854,5e-05,775.9579467773438,630,-0.0007951332052471116,1141.548244869709
0,0,0,0,0,0,0.0021622502,0.12958984375,0.1,-1.5800097748637199,0.27322620153427124,5e-05,1435.569580078125,640,-0.0015866023662965746,1300.3826521158219
0,0,0,0,0,0,0.00391136,0.21259765625,0.1,-1.6403515186160802,0.25562018156051636,5e-05,17.415212631225586,650,-0.007036430425796425,398.06679423451425
0,0,0,0,0,0,0.0029946165,0.05166015625,0.1,-1.5915536858141421,0.2651174068450928,5e-05,329.93768310546875,660,-0.0006504932607640512,1287.066925215721
0,0,0,0,0,0,0.0028009228,0.1404296875,0.1,-1.6013772435486318,0.3202663064002991,5e-05,973.3117065429688,670,-0.0035635473199363333,918.4509183049202
0,0,0,0,0,0,0.0017378049,0.09052734375,0.1,-1.5834729261696339,0.3214278817176819,5e-05,3901.39697265625,680,-0.002895976680883905,1304.5886367797852
0,0,0,0,0,0,0.0010459984,0.08681640625,0.1,-1.577303022518754,0.33722448348999023,5e-05,4213.28125,690,-0.002846988965757191,1679.5712826251984
0,0,0,0,0,0,0.0024200522,0.09580078125,0.1,-1.5626079242676496,0.33063817024230957,5e-05,752.4524536132812,700,-0.000418338539020624,1061.087530386448
0,0,0,0,0,0,0.0019828929,0.09794921875,0.1,-1.5818430326879025,0.3053715229034424,5e-05,2372.3701171875,710,-0.0021623339838697576,1069.3566714048386
0,0,0,0,0,0,0.0019460138,0.098046875,0.1,-1.567501600086689,0.3769257068634033,5e-05,1829.646728515625,720,-0.002052986020134995,1302.140558564663
0,0,0,0,0,0,0.0007808842,0.035546875,0.1,-1.5750849943608045,0.31538546085357666,5e-05,1454.8638916015625,730,-6.007451229379512e-05,1152.699812567234
0,0,0,0,0,0,0.0021753795,0.12646484375,0.1,-1.5575977835804224,0.36052238941192627,5e-05,742.1661376953125,740,-0.001978176215197891,1297.581746983528
0,0,0,0,0,0,0.0025258532,0.11015625,0.1,-1.5785514883697034,0.3346860408782959,5e-05,722.5447998046875,750,-0.0015905282198218629,1109.0025117874145
0,0,0,0,0,0,0.0020423871,0.0705078125,0.1,-1.5470296431332826,0.3543386459350586,5e-05,1871.447265625,760,-0.0003373694678884931,1404.6430099248887
0,0,0,0,0,0,0.0021069082,0.0701171875,0.1,-1.5299296632409096,0.3678738474845886,5e-05,2353.60595703125,770,-0.0019556953629944474,1552.5052335262299
0,0,0,0,0,0,0.0024707112,0.08134765625,0.1,-1.5500759676098823,0.306901216506958,5e-05,2100.174072265625,780,5.175400292500853e-06,1230.6732409000397
0,0,0,0,0,0,0.003582947,0.1833984375,0.1,-1.5541102226823569,0.31751394271850586,5e-05,1468.480712890625,790,-0.0030927703017368914,1001.3297948598862
0,0,0,0,0,0,0.0017259575,0.07548828125,0.1,-1.5556392632424831,0.38930684328079224,5e-05,802.6637573242188,800,-0.0016933566541410983,1286.9238656282425
0,0,0,0,0,0,0.002096612,0.12548828125,0.1,-1.5529481172561646,0.33915072679519653,5e-05,1493.0418701171875,810,-0.002588421256223228,1210.838649725914
0,0,0,0,0,0,0.0013285731,0.07001953125,0.1,-1.5409430354833602,0.37761110067367554,5e-05,1409.11376953125,820,9.130050020758062e-05,1120.6795139551164
0,0,0,0,0,0,0.0008576676,0.07568359375,0.1,-1.5410557482391596,0.39972978830337524,5e-05,1226.03515625,830,-0.00048361815861426295,1223.6596536159516
0,0,0,0,0,0,0.0020834738,0.082421875,0.1,-1.5424765329807997,0.34133225679397583,5e-05,344.79620361328125,840,-0.0013906400869018397,1177.9122093200683
0,0,0,0,0,0,0.0018617058,0.09091796875,0.1,-1.5430028177797794,0.3473840355873108,5e-05,1572.262451171875,850,-0.0006140354860690422,1023.0047095775604
0,0,0,0,0,0,0.0025133868,0.108203125,0.1,-1.5409628044813872,0.38523125648498535,5e-05,2268.26953125,860,-0.001518823322840035,1093.1933088064193
0,0,0,0,0,0,0.0018153368,0.06103515625,0.1,-1.5473818995058537,0.3501243591308594,5e-05,782.1067504882812,870,-0.001718674914445728,1186.2547454833984
0,0,0,0,0,0,0.0013722905,0.03935546875,0.1,-1.5183319076895714,0.41531479358673096,5e-05,1031.7183837890625,880,-0.0009931853754096664,1213.1545073509217
0,0,0,0,0,0,0.0032977723,0.094921875,0.1,-1.542186587303877,0.4099615216255188,5e-05,1040.4913330078125,890,-0.00027642939530778674,989.4187149167061
0,0,0,0,0,0,0.0009391775,0.04189453125,0.1,-1.5241077307611703,0.4421654939651489,5e-05,1475.5439453125,900,0.0007020966557320207,1121.6603708267212
0,0,0,0,0,0,0.0018088241,0.09541015625,0.1,-1.5306874178349972,0.431515634059906,5e-05,2216.66650390625,910,-0.0013506060931831598,995.1432782411575
0,0,0,0,0,0,0.0022582067,0.08056640625,0.1,-1.5289348274469376,0.46845853328704834,5e-05,692.178955078125,920,-0.001872129637922626,1072.515062236786
0,0,0,0,0,0,0.002273676,0.06923828125,0.1,-1.5169800657778978,0.48450136184692383,5e-05,845.2545776367188,930,-0.0012599999870872125,1082.681413936615
0,0,0,0,0,0,0.0018261918,0.08388671875,0.1,-1.5054759237915278,0.46964114904403687,5e-05,1059.3861083984375,940,-0.001482671094709076,1246.734094452858
0,0,0,0,0,0,0.0016923174,0.0705078125,0.1,-1.5129754226654768,0.4258711338043213,5e-05,506.2063293457031,950,-0.000839010589697864,1005.182668876648
0,0,0,0,0,0,0.0019904035,0.0923828125,0.1,-1.5302791327238083,0.43209999799728394,5e-05,310.748291015625,960,8.352757868124172e-05,861.0538490772248
0,0,0,0,0,0,0.0011024612,0.08603515625,0.1,-1.5152457680553197,0.46520745754241943,5e-05,435.31103515625,970,-0.0008207217659219168,896.2635635137558
0,0,0,0,0,0,0.0026907437,0.12998046875,0.1,-1.511263007298112,0.49140793085098267,5e-05,1614.0196533203125,980,-0.002252755181689281,987.5135251522064
0,0,0,0,0,0,0.0020316413,0.1046875,0.1,-1.5284548815339805,0.5005535185337067,5e-05,1069.8170166015625,990,-0.0011775107523135375,752.2978955984115
0,0,0,0,0,0,0.0018691064,0.05263671875,0.1,-1.5234782103449107,0.5170977711677551,5e-05,474.76898193359375,1000,-0.0008345073772943578,866.2182375311852
0,0,0,0,0,0,0.002323996,0.09853515625,0.1,-1.5284471087157727,0.5678837597370148,5e-05,515.8701782226562,1010,-0.0023883281319285743,803.6044162631035
0,0,0,0,0,0,0.0015619087,0.06318359375,0.1,-1.5073972169309855,0.5757286846637726,5e-05,882.8690185546875,1020,-0.0003146749651932623,926.6074205160141
0,0,0,0,0,0,0.0016800256,0.0912109375,0.1,-1.508937656506896,0.5739785730838776,5e-05,1681.6207275390625,1030,-0.0029882776259910317,1000.0187332630157
0,0,0,0,0,0,0.0024202592,0.1076171875,0.1,-1.4987092915922404,0.5713728964328766,5e-05,1176.8748779296875,1040,9.297947617596947e-05,966.8158608436585
0,0,0,0,0,0,0.0019502814,0.17548828125,0.1,-1.4816758885979653,0.5700211226940155,5e-05,993.3292236328125,1050,-0.0055315932462690395,1197.2797472953796
0,0,0,0,0,0,0.0032494317,0.1154296875,0.1,-1.520455151796341,0.4548821449279785,5e-05,985.1826782226562,1060,-0.0016862912569195032,769.2275624394417
0,0,0,0,0,0,0.0016270959,0.08876953125,0.1,-1.5005762457847596,0.5273675620555878,5e-05,1106.729736328125,1070,-0.0006161792545753997,849.9365721940994
0,0,0,0,0,0,0.002663795,0.06767578125,0.1,-1.4999018166214229,0.5420925319194794,5e-05,1146.8154296875,1080,-0.0010744186547526624,852.6763216972352
0,0,0,0,0,0,0.003069743,0.14345703125,0.1,-1.487076523527503,0.5531764328479767,5e-05,1076.6217041015625,1090,-0.0034385089311399497,1051.544471025467
0,0,0,0,0,0,0.0023097955,0.107421875,0.1,-1.4766728188842535,0.4862205982208252,5e-05,1260.569091796875,1100,-0.0013378655436099506,887.6432047367095
0,0,0,0,0,0,0.002711566,0.12939453125,0.1,-1.5002878151834012,0.4725549817085266,5e-05,582.229248046875,1110,-0.0034930990143038796,730.4260267019272
0,0,0,0,0,0,0.00088232086,0.062890625,0.1,-1.479069709777832,0.5336839258670807,5e-05,750.5256958007812,1120,5.210068047745154e-06,862.3434579849243
0,0,0,0,0,0,0.0018398315,0.12626953125,0.1,-1.485133222863078,0.48653244972229004,5e-05,307.96319580078125,1130,-0.0030918795928300824,933.6324104309082
0,0,0,0,0,0,0.0011793708,0.07919921875,0.1,-1.475005294010043,0.5624646842479706,5e-05,763.9576416015625,1140,-0.0014130079995084087,893.3266548156738
0,0,0,0,0,0,0.0016744136,0.08857421875,0.1,-1.4825958002358675,0.5025675892829895,5e-05,1634.2066650390625,1150,-0.0023341867126873694,965.3708509922028
0,0,0,0,0,0,0.0018260246,0.10517578125,0.1,-1.4616922751069068,0.5208882093429565,5e-05,1495.713623046875,1160,-0.0016431340482085943,929.7993740558625
0,0,0,0,0,0,0.0028759106,0.1029296875,0.1,-1.4945199806243181,0.5092707574367523,5e-05,2020.116455078125,1170,-0.002064939997217152,720.9039196968079
0,0,0,0,0,0,0.002489218,0.0876953125,0.1,-1.4810195483267308,0.5006025433540344,5e-05,1045.9920654296875,1180,-0.0018190215952927247,707.6989887237548
0,0,0,0,0,0,0.0016475571,0.09697265625,0.1,-1.4730310086160898,0.4973222613334656,5e-05,535.0469970703125,1190,-0.0018304469471331687,797.8996846675873
0,0,0,0,0,0,0.0011075637,0.10029296875,0.1,-1.489276012033224,0.5253988206386566,5e-05,266.61956787109375,1200,-0.0005502374682691879,716.854084777832
0,0,0,0,0,0,0.0024003102,0.1025390625,0.1,-1.4543910264968871,0.5985920131206512,5e-05,386.7030029296875,1210,-0.0014974663012253587,849.9614013671875
0,0,0,0,0,0,0.0027132095,0.101953125,0.1,-1.453971129283309,0.5642311275005341,5e-05,813.9293212890625,1220,0.0003658307934529148,694.8516581058502
0,0,0,0,0,0,0.0009910585,0.09638671875,0.1,-1.460058308020234,0.6105984747409821,5e-05,425.29156494140625,1230,-0.0004099820725969039,797.4119961261749
0,0,0,0,0,0,0.0024513975,0.094140625,0.1,-1.4762938715517522,0.6149204969406128,5e-05,346.65618896484375,1240,0.0006698137120110914,629.1478853464126
0,0,0,0,0,0,0.0011133342,0.0814453125,0.1,-1.441412490233779,0.647752046585083,5e-05,1055.4078369140625,1250,-0.0003277891519246623,800.8018253326416
0,0,0,0,0,0,0.0018307618,0.0806640625,0.1,-1.4516074124723672,0.6505166292190552,5e-05,625.7064819335938,1260,-8.142461301758885e-05,738.8769265174866
0,0,0,0,0,0,0.002135831,0.1189453125,0.1,-1.4603883218020202,0.6060307621955872,5e-05,266.5538330078125,1270,-0.0008861365364282392,685.6988358020783
0,0,0,0,0,0,0.0019269527,0.07294921875,0.1,-1.4461336195468903,0.617937833070755,5e-05,631.7597045898438,1280,0.0006269486868404784,633.1518635749817
0,0,0,0,0,0,0.0014680028,0.0783203125,0.1,-1.4534620698541403,0.6486888825893402,5e-05,509.1485900878906,1290,0.000681312964297831,628.5408940792083
0,0,0,0,0,0,0.0021684733,0.1279296875,0.1,-1.4478705294430256,0.6435807049274445,5e-05,626.1692504882812,1300,-0.0009425379772437737,656.6324139118194
0,0,0,0,0,0,0.0033467985,0.13671875,0.1,-1.4422564920037986,0.6088023483753204,5e-05,799.956787109375,1310,-0.0007813029587850906,634.6232998847961
0,0,0,0,0,0,0.0011544763,0.09189453125,0.1,-1.4444872207939625,0.6497384309768677,5e-05,604.9578247070312,1320,0.00047225339731085116,624.1311028003693
0,0,0,0,0,0,0.00065798603,0.053515625,0.1,-1.4500063460320234,0.6920802593231201,5e-05,684.5843505859375,1330,0.0003871559238177724,604.6122840404511
0,0,0,0,0,0,0.0012045287,0.0630859375,0.1,-1.4429038666188716,0.6661114394664764,5e-05,579.4661865234375,1340,0.00047701454313937576,612.3230034351349
0,0,0,0,0,0,0.001871218,0.07353515625,0.1,-1.4285108357667924,0.6846705079078674,5e-05,422.05712890625,1350,-0.0016619252332020552,669.2329548358917
0,0,0,0,0,0,0.001479313,0.0875,0.1,-1.460442589968443,0.6039586961269379,5e-05,1017.4275512695312,1360,0.00022297347240964882,497.8156835079193
0,0,0,0,0,0,0.0023718923,0.12509765625,0.1,-1.4308616265654563,0.6506501138210297,5e-05,350.9641418457031,1370,-0.001074154786147119,611.5944529533386
0,0,0,0,0,0,0.0014524937,0.03984375,0.1,-1.4467856161296369,0.6733841001987457,5e-05,729.6389770507812,1380,0.00065465363295516,560.0613717079162
0,0,0,0,0,0,0.0013318486,0.0787109375,0.1,-1.4298667144030333,0.696605920791626,5e-05,554.0013427734375,1390,0.00046183039958123116,601.7049559116364
0,0,0,0,0,0,0.0024941508,0.1111328125,0.1,-1.4230508375912905,0.6866227686405182,5e-05,349.3330383300781,1400,-0.0013914080525864847,593.5486577033996
0,0,0,0,0,0,0.0019817578,0.11220703125,0.1,-1.4207089703530074,0.6597146987915039,5e-05,976.3878173828125,1410,-0.0005253683899354656,602.7263391256332
0,0,0,0,0,0,0.0010555862,0.0658203125,0.1,-1.4155504159629344,0.6759220659732819,5e-05,450.6722717285156,1420,-0.0012461005680961534,628.0194379806519
0,0,0,0,0,0,0.0016077216,0.08427734375,0.1,-1.434225357696414,0.6465090215206146,5e-05,211.18397521972656,1430,0.0012709358386928215,453.69385583400725
0,0,0,0,0,0,0.0018270777,0.10380859375,0.1,-1.4178196083754302,0.6895218193531036,5e-05,549.5558471679688,1440,-0.0013923930542659945,542.4236322402954
0,0,0,0,0,0,0.0013025958,0.0642578125,0.1,-1.411963789537549,0.7396005392074585,5e-05,424.9459228515625,1450,-0.0001829489949159324,478.1023938417435
0,0,0,0,0,0,0.0014163259,0.05029296875,0.1,-1.399217825755477,0.7235080599784851,5e-05,446.6445617675781,1460,0.0006856815591163468,554.5948559761048
0,0,0,0,0,0,0.002133701,0.1287109375,0.1,-1.4040418088436126,0.7249419391155243,5e-05,220.4139404296875,1470,-0.003603368697804399,525.9344053268433
0,0,0,0,0,0,0.0004992768,0.0546875,0.1,-1.4288371078670026,0.7055972218513489,5e-05,343.21099853515625,1480,0.001114107490866445,432.92954607009887
0,0,0,0,0,0,0.0020275835,0.110546875,0.1,-1.3897754620760678,0.7649083137512207,5e-05,221.16067504882812,1490,-0.0017611050679988693,512.7378322124481
0,0,0,0,0,0,0.0008812598,0.080078125,0.1,-1.399069209396839,0.7351389527320862,5e-05,671.7792358398438,1500,-0.0005130703881150112,512.8792201519012
0,0,0,0,0,0,0.0014118031,0.07861328125,0.1,-1.4264740239828826,0.6444763839244843,5e-05,817.958251953125,1510,-0.0006675793512840756,500.8215915203094
0,0,0,0,0,0,0.0017647427,0.10361328125,0.1,-1.410738929733634,0.6992603540420532,5e-05,429.41961669921875,1520,-0.0007248567984788678,516.2284862518311
0,0,0,0,0,0,0.001991845,0.12412109375,0.1,-1.4117124665528535,0.7298335433006287,5e-05,560.3714599609375,1530,-0.0018202706372903777,474.4052344322205
0,0,0,0,0,0,0.00069777196,0.05615234375,0.1,-1.4068653784692287,0.7542122155427933,5e-05,399.2171325683594,1540,0.0006539596426591743,481.9207430839539
0,0,0,0,0,0,0.0020712516,0.08720703125,0.1,-1.4087658125907183,0.7011623382568359,5e-05,667.4765014648438,1550,-0.0018356896558543666,522.7116924285889
0,0,0,0,0,0,0.00096183625,0.08720703125,0.1,-1.3964858178049326,0.7497416734695435,5e-05,211.49183654785156,1560,-5.151612713234499e-05,432.34667978286745
0,0,0,0,0,0,0.0017354949,0.0779296875,0.1,-1.415765406563878,0.7823547422885895,5e-05,258.5917663574219,1570,-5.918204406043515e-05,353.3604528903961
0,0,0,0,0,0,0.0013079802,0.09970703125,0.1,-1.3945644699037074,0.7960106283426285,5e-05,589.4698486328125,1580,-0.00047269897331716495,424.582128572464
0,0,0,0,0,0,0.0022160616,0.1169921875,0.1,-1.3873000625520944,0.773080438375473,5e-05,611.7081298828125,1590,-0.0032550100404478144,463.15327124595643
0,0,0,0,0,0,0.0020961189,0.09794921875,0.1,-1.367175741866231,0.7490482926368713,5e-05,273.03021240234375,1600,-0.0010970566916512325,443.71394686698915
0,0,0,0,0,0,0.0022361681,0.10517578125,0.1,-1.4011379454284907,0.7337929010391235,5e-05,363.5888671875,1610,-0.0017680347809800878,338.53660371303556
0,0,0,0,0,0,0.0016089447,0.10712890625,0.1,-1.3927026122808457,0.7309495210647583,5e-05,476.9979248046875,1620,-0.0030810551506874617,421.5070767879486
0,0,0,0,0,0,0.0022667672,0.10771484375,0.1,-1.3896762885153293,0.7719314396381378,5e-05,390.42987060546875,1630,0.0010594515573757236,403.0470473766327
0,0,0,0,0,0,0.0014105616,0.0935546875,0.1,-1.3850753989070654,0.713500589132309,5e-05,661.3519287109375,1640,-0.002574149757856503,455.5204484462738
0,0,0,0,0,0,0.0016748069,0.07333984375,0.1,-1.3830577794462442,0.7532710134983063,5e-05,326.4476013183594,1650,0.00027269661222817376,370.63077075481414
0,0,0,0,0,0,0.0028480273,0.13720703125,0.1,-1.39117199704051,0.7946063876152039,5e-05,151.7669677734375,1660,-0.0009450358003959991,355.85779383182523
0,0,0,0,0,0,0.0023652583,0.14326171875,0.1,-1.3728188134729862,0.7891001403331757,5e-05,247.3040008544922,1670,-0.0031423825734236744,343.8257810592651
0,0,0,0,0,0,0.0013943475,0.1197265625,0.1,-1.3734201915562152,0.8209661245346069,5e-05,315.95013427734375,1680,-0.0008572662263759412,329.0666822910309
0,0,0,0,0,0,0.0015915873,0.07568359375,0.1,-1.4035968761891127,0.7379035651683807,5e-05,201.7161865234375,1690,-0.0016627831872028764,372.17661995887755
0,0,0,0,0,0,0.0025293964,0.11162109375,0.1,-1.3605472542345525,0.8096346706151962,5e-05,153.78585815429688,1700,-0.0012452486698748544,318.6279803276062
0,0,0,0,0,0,0.0014704352,0.09130859375,0.1,-1.3762595985084771,0.7894913405179977,5e-05,202.57395935058594,1710,-0.001588868972612545,320.8994465589523
0,0,0,0,0,0,0.0020216014,0.11689453125,0.1,-1.3514216784387827,0.8291741907596588,5e-05,188.47836303710938,1720,-0.0012167474156740354,305.94487526416776
0,0,0,0,0,0,0.0013283337,0.078125,0.1,-1.3542491365224123,0.7122092545032501,5e-05,356.0723876953125,1730,-0.0032815958285937084,418.1547812461853
0,0,0,0,0,0,0.0018682783,0.122265625,0.1,-1.3870553392916918,0.7328205406665802,5e-05,319.5498962402344,1740,-0.000719037209637463,339.20126657485963
0,0,0,0,0,0,0.002386719,0.15546875,0.1,-1.391018045321107,0.7484692633152008,5e-05,448.8074035644531,1750,-0.003709852046449669,365.1695566177368
0,0,0,0,0,0,0.0008539605,0.05654296875,0.1,-1.332663655653596,0.7704547047615051,5e-05,521.62109375,1760,-0.0008728617351152935,391.7873023986816
0,0,0,0,0,0,0.0028899384,0.1251953125,0.1,-1.3334503032267093,0.8073776811361313,5e-05,310.0771484375,1770,-0.0021526384014578072,310.973619222641
0,0,0,0,0,0,0.0017600656,0.07744140625,0.1,-1.3642630379647016,0.8218545466661453,5e-05,205.7736358642578,1780,-0.0013391796434007119,272.0523037672043
0,0,0,0,0,0,0.0032968125,0.087890625,0.1,-1.3585877913981677,0.7955727726221085,5e-05,460.19049072265625,1790,2.0735387806780636e-05,334.01036348342893
0,0,0,0,0,0,0.0014351564,0.09013671875,0.1,-1.3495241653174161,0.8163978606462479,5e-05,268.3444519042969,1800,-0.0009357032249681652,317.1958971500397
0,0,0,0,0,0,0.001630154,0.11552734375,0.1,-1.3484011318534612,0.8244097828865051,5e-05,341.87713623046875,1810,-0.0011818404469522647,292.1589584350586
0,0,0,0,0,0,0.0011680678,0.094140625,0.1,-1.3592353992164135,0.7580277621746063,5e-05,425.8131103515625,1820,-0.001359357086766977,375.8630220413208
0,0,0,0,0,0,0.0022842127,0.103125,0.1,-1.3528649728745221,0.7229641377925873,5e-05,233.69850158691406,1830,-0.0026324097416363657,313.6087116956711
0,0,0,0,0,0,0.0011624389,0.06787109375,0.1,-1.3645689338445663,0.7782615274190903,5e-05,265.7784118652344,1840,0.0016663721078657545,319.27238669395445
0,0,0,0,0,0,0.002017469,0.0931640625,0.1,-1.3746307544410228,0.7441190779209137,5e-05,402.5892639160156,1850,-0.0014444588421611115,355.9806399345398
0,0,0,0,0,0,0.0015329685,0.08564453125,0.1,-1.3563550386577845,0.7739282697439194,5e-05,263.97357177734375,1860,-0.0023863839349360207,363.82633261680604
0,0,0,0,0,0,0.0005707139,0.057421875,0.1,-1.3323270812630654,0.7912686467170715,5e-05,285.0506896972656,1870,4.26886515924707e-05,357.05429396629336
0,0,0,0,0,0,0.0015742336,0.055859375,0.1,-1.3379720143973828,0.8268276751041412,5e-05,341.956787109375,1880,-4.387802255223505e-05,314.6445554971695
0,0,0,0,0,0,0.0023594168,0.123828125,0.1,-1.356054288521409,0.8328021764755249,5e-05,217.75833129882812,1890,-0.0015929164201224921,265.2938967227936
0,0,0,0,0,0,0.0020467,0.107421875,0.1,-1.3433431327342986,0.7641783654689789,5e-05,192.11146545410156,1900,-0.0026390339553472586,354.6647747039795
0,0,0,0,0,0,0.0032670042,0.13974609375,0.1,-1.341551047936082,0.8017315119504929,5e-05,308.6780700683594,1910,-0.0016795755393104628,297.91041073799136
0,0,0,0,0,0,0.001559793,0.1037109375,0.1,-1.3424465496093034,0.8250335454940796,5e-05,240.9558563232422,1920,-0.0018453577838954515,274.3556847810745
0,0,0,0,0,0,0.002965101,0.125,0.1,-1.3201887998729944,0.8045653700828552,5e-05,308.7738342285156,1930,-0.00342561047145864,356.2727752685547
0,0,0,0,0,0,0.0015858477,0.13984375,0.1,-1.342140007764101,0.7517496645450592,5e-05,203.68704223632812,1940,-0.001014319751993753,336.2665750980377
0,0,0,0,0,0,0.0008669879,0.07841796875,0.1,-1.312214145436883,0.7706840187311172,5e-05,300.57550048828125,1950,0.0005462218323373236,270.0426283597946
0,0,0,0,0,0,0.0016283675,0.0994140625,0.1,-1.305012609064579,0.838534951210022,5e-05,199.73133850097656,1960,-0.000810777980950661,237.40839021205903
0,0,0,0,0,0,0.0016734013,0.090234375,0.1,-1.3526081420481204,0.7926421165466309,5e-05,186.60775756835938,1970,2.8615907649509608e-05,256.1036622285843
0,0,0,0,0,0,0.0014048766,0.04013671875,0.1,-1.3238367024809121,0.7974844872951508,5e-05,224.5438690185547,1980,-0.0009854306394117885,293.51886315345763
0,0,0,0,0,0,0.0011096734,0.09853515625,0.1,-1.3254922445863486,0.8054681271314621,5e-05,334.5733947753906,1990,0.0010843704323633574,313.57868633270266
0,0,0,0,0,0,0.0019775245,0.12861328125,0.1,-1.305699222907424,0.849988728761673,5e-05,204.42535400390625,2000,-0.0019909932302653033,229.8417009115219
0,0,0,0,0,0,0.0020778603,0.0900390625,0.1,-1.3218778777867555,0.8083692938089371,5e-05,353.87347412109375,2010,-0.0020424965259735473,302.8622470855713
0,0,0,0,0,0,0.0012165912,0.06083984375,0.1,-1.3182060722261668,0.7915726602077484,5e-05,370.2571105957031,2020,0.0005089612386655062,327.5792643547058
0,0,0,0,0,0,0.0024565323,0.05927734375,0.1,-1.3238555293530225,0.7778155952692032,5e-05,280.3481140136719,2030,0.0004265466734068468,319.2447859764099
0,0,0,0,0,0,0.0019044015,0.05966796875,0.1,-1.3298184432089328,0.8134785741567612,5e-05,215.3778839111328,2040,0.0008077899525233079,279.5112609386444
0,0,0,0,0,0,0.0021896467,0.10576171875,0.1,-1.2962643645703793,0.8172296434640884,5e-05,128.48635864257812,2050,-0.0015291647214326076,276.9084153652191
0,0,0,0,0,0,0.0013312714,0.07109375,0.1,-1.2929744675755501,0.8038274645805359,5e-05,194.9503631591797,2060,0.00021734386536991223,269.86549973487854
0,0,0,0,0,0,0.0036747118,0.15791015625,0.1,-1.3108082711696625,0.8314636498689651,5e-05,384.39190673828125,2070,-0.004290763547760435,268.3215816497803
0,0,0,0,0,0,0.0011398852,0.08583984375,0.1,-1.292217244207859,0.8270616978406906,5e-05,181.0955047607422,2080,0.0004719792603282258,244.74251999855042
0,0,0,0,0,0,0.0021366756,0.0951171875,0.1,-1.2926821772009134,0.8324008882045746,5e-05,268.2387390136719,2090,-0.00037229141671559776,248.99844958782197
0,0,0,0,0,0,0.0014309381,0.099609375,0.1,-1.300788988173008,0.8139073252677917,5e-05,283.7768249511719,2100,-0.0009351218599476851,262.1856286048889
0,0,0,0,0,0,0.0017729423,0.09208984375,0.1,-1.301216796413064,0.8502187877893448,5e-05,161.2855682373047,2110,0.00034758370165945964,214.53979437351228
0,0,0,0,0,0,0.0015704897,0.09091796875,0.1,-1.3102150920778513,0.8431805223226547,5e-05,286.3721923828125,2120,-0.0005587699852185324,215.60542516708375
0,0,0,0,0,0,0.0011073345,0.09775390625,0.1,-1.276930397003889,0.8446346819400787,5e-05,264.4256591796875,2130,-0.00230438428116031,239.82467238903047
0,0,0,0,0,0,0.001398828,0.088671875,0.1,-1.286699428036809,0.834533303976059,5e-05,248.13150024414062,2140,-0.0018892803222115618,224.62714035511016
0,0,0,0,0,0,0.001268802,0.06455078125,0.1,-1.2486843194812536,0.8046649098396301,5e-05,204.98800659179688,2150,-0.000545317441719817,261.9031474113464
0,0,0,0,0,0,0.0012258836,0.0853515625,0.1,-1.2953467275947332,0.8204958885908127,5e-05,189.51336669921875,2160,0.00015898309720796533,233.6104140520096
0,0,0,0,0,0,0.00092161674,0.060546875,0.1,-1.3203178424388171,0.8388975709676743,5e-05,222.31336975097656,2170,0.0017608300811843946,229.46994843482972
0,0,0,0,0,0,0.0013636585,0.0509765625,0.1,-1.2999226398766042,0.7779437303543091,5e-05,317.00946044921875,2180,-0.0005340870018699206,316.2536242961884
0,0,0,0,0,0,0.0026450795,0.0966796875,0.1,-1.2849045626819133,0.8393703997135162,5e-05,374.91192626953125,2190,0.0008729795750696212,260.24024918079374
0,0,0,0,0,0,0.0016861062,0.0865234375,0.1,-1.2836384795606137,0.8360017985105515,5e-05,172.8674774169922,2200,-0.0004015735190478154,250.01954278945922
0,0,0,0,0,0,0.0016582545,0.06162109375,0.1,-1.266567561030388,0.8193204253911972,5e-05,290.32891845703125,2210,0.0008951563359005377,263.7194582223892
0,0,0,0,0,0,0.0016316418,0.0650390625,0.1,-1.2777725748717785,0.8166452050209045,5e-05,300.4849548339844,2220,0.000784136020229198,263.0661322593689
0,0,0,0,0,0,0.003096914,0.1306640625,0.1,-1.2881407078355551,0.8444787859916687,5e-05,289.6630554199219,2230,-0.004026036645518616,230.98359541893007
0,0,0,0,0,0,0.0010582557,0.082421875,0.1,-1.2647075332701205,0.8650593310594559,5e-05,203.9916229248047,2240,-0.00023289487580768764,214.1222433567047
0,0,0,0,0,0,0.0014397582,0.06904296875,0.1,-1.2711693283170462,0.8194418400526047,5e-05,290.72027587890625,2250,-0.001386276981793344,265.15251622200014
0,0,0,0,0,0,0.0019051228,0.10595703125,0.1,-1.283544210717082,0.8286729454994202,5e-05,272.8700256347656,2260,-0.001585266242909711,265.1154188632965
0,0,0,0,0,0,0.0016173685,0.11708984375,0.1,-1.26632810048759,0.7587929666042328,5e-05,470.3229675292969,2270,-0.003550765602994943,356.4540610790253
0,0,0,0,0,0,0.0020029107,0.108203125,0.1,-1.256664204224944,0.8437344133853912,5e-05,155.06234741210938,2280,-9.98989853542298e-06,208.516037607193
0,0,0,0,0,0,0.0019242273,0.11884765625,0.1,-1.2622354365885258,0.8238967657089233,5e-05,193.49642944335938,2290,-0.0007227944719488732,234.7739973306656
0,0,0,0,0,0,0.0014269882,0.1025390625,0.1,-1.249435356259346,0.8277258574962616,5e-05,285.64935302734375,2300,-0.0028667099177255295,237.77222385406495
0,0,0,0,0,0,0.0007297062,0.06083984375,0.1,-1.2772800333797931,0.8205014318227768,5e-05,208.91131591796875,2310,-0.00026056722199427893,217.76132414340972
0,0,0,0,0,0,0.0012753112,0.09248046875,0.1,-1.2511580064892769,0.7151170670986176,5e-05,308.2120666503906,2320,-0.0010655277394107543,337.57533168792725
0,0,0,0,0,0,0.00239453,0.0916015625,0.1,-1.2441989824175834,0.7784353643655777,5e-05,270.3923034667969,2330,-0.0020634288470319007,287.36964111328126
0,0,0,0,0,0,0.0019305057,0.08798828125,0.1,-1.24835321046412,0.7858622819185257,5e-05,311.486572265625,2340,6.29521266091615e-05,264.24719071388245
0,0,0,0,0,0,0.0014693316,0.08740234375,0.1,-1.2358336951583624,0.8164891004562378,5e-05,219.0238800048828,2350,0.0006091173490858637,218.11871893405913
0,0,0,0,0,0,0.0016583202,0.09423828125,0.1,-1.2557150781154633,0.7683799117803574,5e-05,164.8788299560547,2360,-0.0026234761375235395,273.84293165206907
0,0,0,0,0,0,0.0018992522,0.0810546875,0.1,-1.244101830944419,0.7962839603424072,5e-05,150.75552368164062,2370,-0.0004132983369345311,258.4891957998276
0,0,0,0,0,0,0.0019486352,0.095703125,0.1,-1.2526726856827737,0.7801122814416885,5e-05,326.8254089355469,2380,-0.0020124288661463653,262.99616289138794
0,0,0,0,0,0,0.002186537,0.1408203125,0.1,-1.226813381537795,0.7958364188671112,5e-05,202.79855346679688,2390,-0.00262724027124932,241.06918046474456
0,0,0,0,0,0,0.0012713894,0.05341796875,0.1,-1.2186629299074412,0.8057412654161453,5e-05,283.6307678222656,2400,6.774175344617105e-05,230.48022680282594
0,0,0,0,0,0,0.0018425705,0.09580078125,0.1,-1.2306483458727597,0.821001723408699,5e-05,324.95623779296875,2410,-5.7790019491221754e-05,229.3248526096344
0,0,0,0,0,0,0.0017794063,0.08828125,0.1,-1.2137303959578276,0.8407348543405533,5e-05,212.1746826171875,2420,-2.1039864077465608e-05,212.58371098041533
0,0,0,0,0,0,0.00055083906,0.07119140625,0.1,-1.209707497060299,0.7362307012081146,5e-05,289.77166748046875,2430,-0.0001056023989804089,279.50987272262574
0,0,0,0,0,0,0.0014906428,0.08349609375,0.1,-1.2259348399937153,0.7960982620716095,5e-05,125.1410903930664,2440,-0.0010668321381672285,234.2218782901764
0,0,0,0,0,0,0.0018195315,0.0986328125,0.1,-1.2182703927159308,0.7858940213918686,5e-05,124.26457214355469,2450,-0.0012823827273678035,212.84306676387786
0,0,0,0,0,0,0.0015810572,0.08916015625,0.1,-1.216439064219594,0.8064708113670349,5e-05,283.5022277832031,2460,-0.0010148448804102373,198.41436705589294
0,0,0,0,0,0,0.0019075766,0.0888671875,0.1,-1.2074031580239535,0.798798605799675,5e-05,200.90237426757812,2470,-0.0016345043732144404,218.85743911266326
0,0,0,0,0,0,0.0015249854,0.09140625,0.1,-1.2013462387025355,0.8398645669221878,5e-05,219.6721649169922,2480,0.0005458253916003741,197.4448473215103
0,0,0,0,0,0,0.0008077811,0.062890625,0.1,-1.2259938914328814,0.7949738502502441,5e-05,219.845703125,2490,-0.0005606517734122463,247.6971789598465
0,0,0,0,0,0,0.0025194155,0.09892578125,0.1,-1.2282688159495592,0.8189169466495514,5e-05,171.88934326171875,2500,-0.0010008929355535656,202.28588919639589
0,0,0,0,0,0,0.0010668819,0.07890625,0.1,-1.2024818796664476,0.8338272869586945,5e-05,171.63511657714844,2510,-0.0010946996713755651,205.54975101947784
0,0,0,0,0,0,0.0018274026,0.1435546875,0.1,-1.1995824057608844,0.8422593325376511,5e-05,128.50933837890625,2520,-0.0045895476840087214,165.55088772773743
0,0,0,0,0,0,0.002445655,0.11875,0.1,-1.198292601108551,0.7929010540246964,5e-05,239.5491943359375,2530,-0.0014654096110461978,225.14729812145234
0,0,0,0,0,0,0.0014737363,0.09462890625,0.1,-1.200350208207965,0.7684628069400787,5e-05,224.04368591308594,2540,-0.0011803146509919316,245.36035432815552
0,0,0,0,0,0,0.001777239,0.08984375,0.1,-1.1968084536492825,0.7854830324649811,5e-05,234.8481903076172,2550,-0.0001390584322507493,208.76414215564728
0,0,0,0,0,0,0.0014863622,0.08720703125,0.1,-1.188241373375058,0.7626685500144958,5e-05,241.3574676513672,2560,-0.0005467492592288181,254.24884729385377
0,0,0,0,0,0,0.0028856266,0.1236328125,0.1,-1.1617938840761781,0.8021891266107559,5e-05,205.1245574951172,2570,-0.0026882450634730048,221.62967286109924
0,0,0,0,0,0,0.0033733482,0.13623046875,0.1,-1.221237264201045,0.7348757386207581,5e-05,303.34869384765625,2580,-0.0029401945765130224,260.03601987361907
