Episode,Reward,Steps,Success,Collisions
1,-72.45,296,0,0
2,-78.08,400,0,0
3,-59.11,400,0,0
4,-58.67,300,0,0
5,-67.96,400,0,0
6,-62.82,400,0,0
7,-75.45,400,0,0
8,-72.27,400,0,0
9,-39.86,400,0,0
10,-78.73,400,0,0
11,-44.68,400,0,0
12,-46.5,400,0,0
13,-31.95,400,0,0
14,-25.11,400,0,0
15,-68.99,400,0,0
16,-47.0,400,0,0
17,-43.74,400,0,0
18,-58.41,400,0,0
19,-30.88,400,0,0
20,-31.25,400,0,0
21,-50.69,400,0,0
22,-17.24,400,0,0
23,-24.89,400,0,0
24,-32.31,400,0,0
25,-4.9,400,0,0
26,-31.52,400,0,0
27,-24.35,400,0,0
28,-47.16,400,0,0
29,-8.31,400,0,0
30,-19.86,400,0,0
31,-30.97,400,0,0
32,26.24,400,0,0
33,-13.02,400,0,0
34,-44.13,400,0,0
35,-28.36,400,0,0
36,-0.13,400,0,0
37,-0.07,400,0,0
38,-19.75,400,0,0
39,-22.91,400,0,0
40,16.7,400,0,0
41,-20.8,400,0,0
42,-23.24,400,0,0
43,52.18,400,0,0
44,-7.5,400,0,0
45,0.67,400,0,0
46,6.0,400,0,0
47,-1.77,400,0,0
48,-18.66,400,0,0
49,-0.35,400,0,0
50,-25.44,400,0,0
51,30.98,400,0,0
52,5.49,400,0,0
53,60.38,400,0,0
54,10.54,400,0,0
55,48.38,400,0,0
56,8.25,400,0,0
57,-1.85,400,0,0
58,1.94,400,0,0
59,8.77,400,0,0
60,8.71,400,0,0
61,13.33,400,0,0
62,60.47,400,0,0
63,9.98,400,0,0
64,-2.19,400,0,0
65,35.09,400,0,0
66,59.16,400,0,0
67,332.69,313,0,0
68,32.75,400,0,0
69,28.21,400,0,0
70,64.13,400,0,0
71,20.18,400,0,0
72,338.83,261,0,0
73,331.9,285,0,0
74,65.11,400,0,0
75,61.61,400,0,0
76,26.27,400,0,0
77,53.18,400,0,0
78,331.91,337,0,0
79,44.42,400,0,0
80,6.15,400,0,0
81,11.26,400,0,0
82,337.72,235,0,0
83,330.96,295,0,0
84,32.21,400,0,0
85,37.86,400,0,0
86,332.88,335,0,0
87,328.9,343,0,0
88,62.79,400,0,0
89,50.05,400,0,0
90,326.01,376,0,0
91,328.26,360,0,0
92,32.9,400,0,0
93,335.13,256,0,0
94,59.23,400,0,0
95,57.66,400,0,0
96,40.01,400,0,0
97,330.44,378,0,0
98,334.16,259,0,0
99,331.07,341,0,0
100,338.11,227,0,0
101,336.95,283,0,0
102,339.33,216,0,0
103,342.58,185,0,0
104,335.33,260,0,0
105,57.31,400,0,0
106,336.37,256,0,0
107,66.34,400,0,0
108,9.47,400,0,0
109,57.89,400,0,0
110,62.26,400,0,0
111,340.3,156,0,0
112,343.23,164,0,0
113,341.14,170,0,0
114,333.37,363,0,0
115,340.01,250,0,0
116,336.41,286,0,0
117,340.17,179,0,0
118,334.54,276,0,0
119,343.3,130,0,0
120,332.71,264,0,0
121,63.0,400,0,0
122,337.62,251,0,0
123,60.92,400,0,0
124,332.29,330,0,0
125,329.86,371,0,0
126,334.67,299,0,0
127,339.03,201,0,0
128,332.02,355,0,0
129,339.54,174,0,0
130,337.61,235,0,0
131,340.02,187,0,0
132,334.28,297,0,0
133,337.16,276,0,0
134,39.76,400,0,0
135,331.48,362,0,0
136,65.33,400,0,0
137,333.26,281,0,0
138,335.3,268,0,0
139,339.56,180,0,0
140,335.33,286,0,0
141,338.98,192,0,0
142,332.88,313,0,0
143,338.26,221,0,0
144,334.35,245,0,0
145,337.1,295,0,0
146,343.36,142,0,0
147,342.13,120,0,0
148,340.92,211,0,0
149,341.19,194,0,0
150,65.97,400,0,0
151,342.09,142,0,0
152,341.08,170,0,0
153,337.03,230,0,0
154,340.21,154,0,0
155,342.95,144,0,0
156,342.68,171,0,0
157,343.64,141,0,0
158,335.94,223,0,0
159,342.91,173,0,0
160,343.09,201,0,0
161,334.43,307,0,0
162,340.19,186,0,0
163,334.58,280,0,0
164,339.33,176,0,0
165,335.48,272,0,0
166,332.41,306,0,0
167,333.45,294,0,0
168,343.78,118,0,0
169,342.37,143,0,0
170,331.6,321,0,0
171,341.06,143,0,0
172,334.87,321,0,0
173,337.95,237,0,0
174,341.51,165,0,0
175,64.48,400,0,0
176,343.47,143,0,0
177,341.46,187,0,0
178,335.2,272,0,0
179,343.82,174,0,0
180,337.5,240,0,0
181,336.9,227,0,0
182,344.96,122,0,0
183,344.67,115,0,0
184,339.83,166,0,0
185,341.21,134,0,0
186,340.24,251,0,0
187,59.32,400,0,0
188,66.46,400,0,0
189,55.89,400,0,0
190,340.17,210,0,0
191,336.64,236,0,0
192,340.83,188,0,0
193,341.55,145,0,0
194,340.81,208,0,0
195,337.08,293,0,0
196,339.84,153,0,0
197,343.87,134,0,0
198,344.68,130,0,0
199,343.06,134,0,0
200,340.13,201,0,0
201,344.11,89,0,0
202,339.68,221,0,0
203,337.54,254,0,0
204,340.51,171,0,0
205,340.63,194,0,0
206,340.93,147,0,0
207,340.37,137,0,0
208,330.03,322,0,0
209,335.38,260,0,0
210,333.55,299,0,0
211,334.78,271,0,0
212,33.46,400,0,0
213,340.51,154,0,0
214,338.21,236,0,0
215,338.1,226,0,0
216,331.97,286,0,0
217,341.54,142,0,0
218,337.63,233,0,0
219,344.47,113,0,0
220,339.37,172,0,0
221,332.03,281,0,0
222,334.76,258,0,0
223,346.57,101,0,0
224,341.77,162,0,0
225,340.51,170,0,0
226,337.44,252,0,0
227,338.68,213,0,0
228,338.76,247,0,0
229,339.56,183,0,0
230,334.69,287,0,0
231,340.19,182,0,0
232,341.8,157,0,0
233,341.86,189,0,0
234,331.51,315,0,0
235,346.47,53,0,0
236,340.47,168,0,0
237,338.47,231,0,0
238,341.98,142,0,0
239,343.76,123,0,0
240,341.04,141,0,0
241,345.2,100,0,0
242,341.73,154,0,0
243,338.31,238,0,0
244,340.31,168,0,0
245,343.93,96,0,0
246,341.51,142,0,0
247,340.84,166,0,0
248,343.31,130,0,0
249,343.32,138,0,0
250,343.75,116,0,0
251,338.89,244,0,0
252,343.08,126,0,0
253,340.1,162,0,0
254,341.41,183,0,0
255,343.32,141,0,0
256,339.06,194,0,0
257,343.8,112,0,0
258,342.22,113,0,0
259,334.28,276,0,0
260,339.94,197,0,0
261,346.85,116,0,0
262,344.53,151,0,0
263,335.61,276,0,0
264,344.43,116,0,0
265,341.97,184,0,0
266,341.93,182,0,0
267,345.34,66,0,0
268,346.01,78,0,0
269,341.47,148,0,0
270,337.52,191,0,0
271,336.52,284,0,0
272,333.89,346,0,0
273,340.59,205,0,0
274,336.67,239,0,0
275,337.7,236,0,0
276,342.25,153,0,0
277,338.19,269,0,0
278,344.76,90,0,0
279,342.63,119,0,0
280,339.03,191,0,0
281,343.35,137,0,0
282,342.53,134,0,0
283,344.43,136,0,0
284,342.6,142,0,0
285,344.28,104,0,0
286,343.01,138,0,0
287,31.72,400,0,0
288,345.4,81,0,0
289,343.48,193,0,0
290,340.98,169,0,0
291,63.97,400,0,0
292,339.72,196,0,0
293,344.06,132,0,0
294,341.35,157,0,0
295,340.12,142,0,0
296,343.61,133,0,0
297,344.73,138,0,0
298,343.18,118,0,0
299,343.9,95,0,0
300,339.01,240,0,0
301,343.64,122,0,0
302,343.64,157,0,0
303,341.34,169,0,0
304,344.58,102,0,0
305,343.45,154,0,0
306,342.28,135,0,0
307,346.69,88,0,0
308,345.75,85,0,0
309,342.32,152,0,0
310,343.87,116,0,0
311,339.91,196,0,0
312,342.69,154,0,0
313,343.17,146,0,0
314,344.68,92,0,0
315,341.37,163,0,0
316,344.65,125,0,0
317,339.01,181,0,0
318,345.01,126,0,0
319,344.43,86,0,0
320,343.95,109,0,0
321,342.91,191,0,0
322,344.69,92,0,0
323,341.38,181,0,0
324,344.72,91,0,0
325,341.12,169,0,0
326,339.48,186,0,0
327,344.38,95,0,0
328,345.94,78,0,0
329,343.84,112,0,0
330,340.94,164,0,0
331,341.46,174,0,0
332,345.21,74,0,0
333,338.5,172,0,0
334,340.21,190,0,0
335,345.15,108,0,0
336,343.65,113,0,0
337,336.99,241,0,0
338,338.04,191,0,0
339,345.48,73,0,0
340,340.56,147,0,0
341,341.42,157,0,0
342,332.89,319,0,0
343,339.99,193,0,0
344,343.32,122,0,0
345,341.13,170,0,0
346,343.29,128,0,0
347,343.31,102,0,0
348,343.94,87,0,0
349,343.39,148,0,0
350,344.26,104,0,0
351,343.66,133,0,0
352,343.4,131,0,0
353,344.36,101,0,0
354,341.94,139,0,0
355,342.14,157,0,0
356,342.72,114,0,0
357,334.89,262,0,0
358,339.92,184,0,0
359,344.91,112,0,0
360,345.01,105,0,0
361,330.52,371,0,0
362,344.8,95,0,0
363,340.65,198,0,0
364,344.97,94,0,0
365,343.5,123,0,0
366,342.56,129,0,0
367,337.7,246,0,0
368,343.05,183,0,0
369,345.6,125,0,0
370,344.93,105,0,0
371,343.97,119,0,0
372,342.15,146,0,0
373,342.15,148,0,0
374,342.89,108,0,0
375,345.74,85,0,0
376,343.6,117,0,0
377,343.79,130,0,0
378,339.03,213,0,0
379,342.83,141,0,0
380,343.09,93,0,0
381,341.97,179,0,0
382,340.13,189,0,0
383,340.27,223,0,0
384,339.03,153,0,0
385,342.79,132,0,0
386,344.83,97,0,0
387,343.33,102,0,0
388,343.12,149,0,0
389,341.65,178,0,0
390,343.78,122,0,0
391,341.22,162,0,0
392,339.54,203,0,0
393,344.77,104,0,0
394,343.61,133,0,0
395,344.58,103,0,0
396,341.88,181,0,0
397,341.17,146,0,0
398,342.45,174,0,0
399,32.62,400,0,0
400,343.03,93,0,0
401,346.27,64,0,0
402,344.75,95,0,0
403,341.93,157,0,0
404,341.71,148,0,0
405,344.51,155,0,0
406,341.26,155,0,0
407,344.79,99,0,0
408,341.0,181,0,0
409,340.14,210,0,0
410,336.41,331,0,0
411,342.24,137,0,0
412,346.32,89,0,0
413,342.31,150,0,0
414,341.3,156,0,0
415,345.11,101,0,0
416,342.95,123,0,0
417,344.97,131,0,0
418,342.93,176,0,0
419,343.47,133,0,0
420,343.18,136,0,0
421,342.08,173,0,0
422,336.88,303,0,0
423,343.29,130,0,0
424,339.67,192,0,0
425,338.22,272,0,0
426,342.39,124,0,0
427,345.59,78,0,0
428,344.5,125,0,0
429,339.03,201,0,0
430,344.07,108,0,0
431,342.94,110,0,0
432,346.15,96,0,0
433,339.88,251,0,0
434,344.09,122,0,0
435,338.38,255,0,0
436,346.28,64,0,0
437,337.83,223,0,0
438,341.58,170,0,0
439,343.59,126,0,0
440,345.34,158,0,0
441,344.86,110,0,0
442,340.79,191,0,0
443,343.99,153,0,0
444,343.68,141,0,0
445,342.94,168,0,0
446,346.53,93,0,0
447,342.8,172,0,0
448,343.46,119,0,0
449,343.38,102,0,0
450,343.71,130,0,0
451,343.95,118,0,0
452,339.89,176,0,0
453,344.38,122,0,0
454,345.29,84,0,0
455,344.26,87,0,0
456,341.64,170,0,0
457,344.81,101,0,0
458,345.21,114,0,0
459,345.67,83,0,0
460,341.07,157,0,0
461,344.86,130,0,0
462,341.79,134,0,0
463,341.84,171,0,0
464,344.08,120,0,0
465,343.87,146,0,0
466,344.32,152,0,0
467,345.53,154,0,0
468,344.27,103,0,0
469,345.45,87,0,0
470,343.26,160,0,0
471,339.98,232,0,0
472,344.94,99,0,0
473,341.38,145,0,0
474,339.42,191,0,0
475,344.52,109,0,0
476,342.99,130,0,0
477,345.3,89,0,0
478,341.96,113,0,0
479,339.69,170,0,0
480,346.3,66,0,0
481,344.94,94,0,0
482,344.93,124,0,0
483,343.42,135,0,0
484,343.06,119,0,0
485,344.49,108,0,0
486,340.9,201,0,0
487,344.61,76,0,0
488,344.67,98,0,0
489,345.79,73,0,0
490,344.35,117,0,0
491,338.76,189,0,0
492,344.62,157,0,0
493,341.34,132,0,0
494,346.05,93,0,0
495,344.92,124,0,0
496,344.22,106,0,0
497,341.33,173,0,0
498,343.13,144,0,0
499,344.76,65,0,0
500,344.46,91,0,0
501,341.16,164,0,0
502,342.39,111,0,0
503,343.58,96,0,0
504,345.84,90,0,0
505,342.54,134,0,0
506,341.45,151,0,0
507,346.29,62,0,0
508,341.37,135,0,0
509,346.1,87,0,0
510,346.45,55,0,0
511,347.11,54,0,0
512,343.3,149,0,0
513,342.42,167,0,0
514,344.74,121,0,0
515,344.92,101,0,0
516,345.61,68,0,0
517,343.08,117,0,0
518,344.18,115,0,0
519,344.47,88,0,0
520,341.47,144,0,0
521,344.16,101,0,0
522,339.2,249,0,0
523,345.27,117,0,0
524,345.38,84,0,0
525,341.06,153,0,0
526,345.26,105,0,0
527,347.23,69,0,0
528,345.78,105,0,0
529,341.89,163,0,0
530,346.23,102,0,0
531,342.02,134,0,0
532,343.37,165,0,0
533,345.54,95,0,0
534,345.69,68,0,0
535,346.59,67,0,0
536,343.81,89,0,0
537,344.03,122,0,0
538,340.72,183,0,0
539,345.1,73,0,0
540,343.06,100,0,0
541,343.7,101,0,0
542,345.14,104,0,0
543,344.52,92,0,0
544,345.41,77,0,0
545,344.01,172,0,0
546,345.01,111,0,0
547,344.61,101,0,0
548,343.96,116,0,0
549,343.41,131,0,0
550,347.2,102,0,0
551,346.63,77,0,0
552,347.04,57,0,0
553,340.53,190,0,0
554,344.71,123,0,0
555,346.49,63,0,0
556,345.4,127,0,0
557,346.82,66,0,0
558,345.92,74,0,0
559,344.41,100,0,0
560,346.57,93,0,0
561,345.26,101,0,0
562,345.0,95,0,0
563,344.42,124,0,0
564,346.14,99,0,0
565,343.89,165,0,0
566,345.41,73,0,0
567,341.0,140,0,0
568,342.76,157,0,0
569,345.62,79,0,0
570,343.78,128,0,0
571,341.89,187,0,0
572,343.4,105,0,0
573,347.07,62,0,0
574,346.2,70,0,0
575,344.18,119,0,0
576,344.61,123,0,0
577,343.18,129,0,0
578,342.9,124,0,0
579,344.68,70,0,0
580,345.09,139,0,0
581,346.89,76,0,0
582,346.13,99,0,0
583,346.61,86,0,0
584,343.54,129,0,0
585,344.02,116,0,0
586,344.99,110,0,0
587,344.95,102,0,0
588,345.97,80,0,0
589,344.69,91,0,0
590,345.26,99,0,0
591,340.76,185,0,0
592,344.86,113,0,0
593,344.45,99,0,0
594,346.55,75,0,0
595,345.4,76,0,0
596,344.14,162,0,0
597,344.89,98,0,0
598,344.69,86,0,0
599,345.69,82,0,0
600,347.17,84,0,0
601,346.11,74,0,0
602,345.14,113,0,0
603,345.04,109,0,0
604,345.39,86,0,0
605,345.81,101,0,0
606,344.55,89,0,0
607,346.51,65,0,0
608,342.92,160,0,0
609,339.55,169,0,0
610,343.32,182,0,0
611,344.9,97,0,0
612,347.22,63,0,0
613,344.79,93,0,0
614,343.06,150,0,0
615,346.17,75,0,0
616,344.58,89,0,0
617,341.17,177,0,0
618,345.13,108,0,0
619,343.38,111,0,0
620,343.64,87,0,0
621,341.88,157,0,0
622,346.52,80,0,0
623,341.36,206,0,0
624,346.89,93,0,0
625,346.68,75,0,0
626,344.06,129,0,0
627,344.48,95,0,0
628,342.48,218,0,0
629,344.9,102,0,0
630,346.5,86,0,0
631,347.12,114,0,0
632,345.43,83,0,0
633,346.11,76,0,0
634,345.25,93,0,0
635,344.23,104,0,0
636,345.78,84,0,0
637,345.95,99,0,0
638,345.23,86,0,0
639,346.88,73,0,0
640,345.21,82,0,0
641,345.86,103,0,0
642,345.51,83,0,0
643,346.49,118,0,0
644,344.02,183,0,0
645,344.74,113,0,0
646,345.22,92,0,0
647,344.68,93,0,0
648,347.3,78,0,0
649,345.9,98,0,0
650,346.9,84,0,0
651,343.72,131,0,0
652,344.57,104,0,0
653,345.54,120,0,0
654,347.15,54,0,0
655,345.25,85,0,0
656,343.23,163,0,0
657,341.94,165,0,0
658,345.75,124,0,0
659,344.02,121,0,0
660,343.55,115,0,0
661,346.13,64,0,0
662,344.12,104,0,0
663,345.85,98,0,0
664,346.85,67,0,0
665,346.0,92,0,0
666,345.43,95,0,0
667,339.87,214,0,0
668,341.33,149,0,0
669,345.06,98,0,0
670,342.73,145,0,0
671,347.32,109,0,0
672,346.57,46,0,0
673,345.68,141,0,0
674,343.35,144,0,0
675,345.63,94,0,0
676,343.6,152,0,0
677,344.88,95,0,0
678,346.42,69,0,0
679,345.51,74,0,0
680,342.66,125,0,0
681,345.42,94,0,0
682,345.57,113,0,0
683,345.5,82,0,0
684,346.62,65,0,0
685,346.86,67,0,0
686,347.54,81,0,0
687,345.6,114,0,0
688,346.16,124,0,0
689,347.41,52,0,0
690,343.97,113,0,0
691,345.81,77,0,0
692,346.96,67,0,0
693,346.29,62,0,0
694,345.99,91,0,0
695,346.23,86,0,0
696,342.76,185,0,0
697,343.33,160,0,0
698,342.48,129,0,0
699,346.46,85,0,0
700,345.0,180,0,0
701,347.78,76,0,0
702,345.78,106,0,0
703,346.95,50,0,0
704,344.41,102,0,0
705,345.58,87,0,0
706,345.99,78,0,0
707,343.29,124,0,0
708,345.18,136,0,0
709,342.85,128,0,0
710,341.68,142,0,0
711,345.69,86,0,0
712,344.09,122,0,0
713,344.62,133,0,0
714,345.46,81,0,0
715,344.59,118,0,0
716,347.17,54,0,0
717,345.33,83,0,0
718,343.33,125,0,0
719,347.24,54,0,0
720,345.81,76,0,0
721,345.82,85,0,0
722,346.06,94,0,0
723,346.81,80,0,0
724,346.77,94,0,0
725,345.21,71,0,0
726,345.32,93,0,0
727,346.33,66,0,0
728,343.82,182,0,0
729,347.92,66,0,0
730,343.77,110,0,0
731,346.78,74,0,0
732,345.46,70,0,0
733,344.88,75,0,0
734,347.46,47,0,0
735,347.09,61,0,0
736,345.75,103,0,0
737,347.32,56,0,0
738,344.75,127,0,0
739,343.72,78,0,0
740,346.58,80,0,0
741,344.28,93,0,0
742,345.4,90,0,0
743,345.54,109,0,0
744,347.05,47,0,0
745,342.18,149,0,0
746,342.79,157,0,0
747,346.46,78,0,0
748,346.66,107,0,0
749,344.32,95,0,0
750,342.42,191,0,0
751,345.29,76,0,0
752,344.0,118,0,0
753,346.58,75,0,0
754,344.88,119,0,0
755,347.52,72,0,0
756,346.21,101,0,0
757,345.18,105,0,0
758,346.34,82,0,0
759,343.56,136,0,0
760,347.27,59,0,0
761,343.76,114,0,0
762,345.7,100,0,0
763,346.44,67,0,0
764,345.93,86,0,0
765,345.44,117,0,0
766,344.42,98,0,0
767,345.75,95,0,0
768,347.41,84,0,0
769,345.64,85,0,0
770,345.26,92,0,0
771,345.57,132,0,0
772,346.7,53,0,0
773,346.11,78,0,0
774,346.48,75,0,0
775,346.25,73,0,0
776,346.01,94,0,0
777,343.97,142,0,0
778,344.06,134,0,0
779,345.4,100,0,0
780,345.65,111,0,0
781,346.96,62,0,0
782,344.97,124,0,0
783,345.51,73,0,0
784,346.46,90,0,0
785,346.03,90,0,0
786,346.53,61,0,0
787,346.62,86,0,0
788,345.73,80,0,0
789,346.53,80,0,0
790,346.77,78,0,0
791,346.47,85,0,0
792,346.25,86,0,0
793,344.11,104,0,0
794,347.44,70,0,0
795,344.22,130,0,0
796,346.77,88,0,0
797,346.35,76,0,0
798,345.66,108,0,0
799,344.68,94,0,0
800,343.14,96,0,0
801,344.01,110,0,0
802,346.19,81,0,0
803,344.95,114,0,0
804,346.36,73,0,0
805,347.68,75,0,0
806,345.37,86,0,0
807,346.94,76,0,0
808,345.97,90,0,0
809,345.31,92,0,0
810,346.43,81,0,0
811,347.2,87,0,0
812,344.38,86,0,0
813,346.5,89,0,0
814,344.64,93,0,0
815,346.57,56,0,0
816,343.45,110,0,0
817,344.55,75,0,0
818,346.8,113,0,0
819,346.52,97,0,0
820,346.68,67,0,0
821,346.75,51,0,0
822,346.81,78,0,0
823,346.6,68,0,0
824,345.6,64,0,0
825,345.28,88,0,0
826,343.67,124,0,0
827,345.19,72,0,0
828,346.81,72,0,0
829,346.39,76,0,0
830,344.18,137,0,0
831,345.23,76,0,0
832,344.38,102,0,0
833,347.27,76,0,0
834,346.28,71,0,0
835,343.29,107,0,0
836,344.26,101,0,0
837,346.29,68,0,0
838,346.58,100,0,0
839,344.71,95,0,0
840,346.61,83,0,0
841,345.73,100,0,0
842,346.58,60,0,0
843,344.02,115,0,0
844,346.1,71,0,0
845,345.91,103,0,0
846,344.38,93,0,0
847,345.22,94,0,0
848,343.97,114,0,0
849,344.44,93,0,0
850,345.79,81,0,0
851,345.11,86,0,0
852,346.24,80,0,0
853,346.12,68,0,0
854,346.57,61,0,0
855,348.18,73,0,0
856,347.58,58,0,0
857,346.08,137,0,0
858,345.23,72,0,0
859,344.87,105,0,0
860,347.04,76,0,0
861,346.39,64,0,0
862,346.16,67,0,0
863,347.06,57,0,0
864,348.31,51,0,0
865,345.63,69,0,0
866,345.11,122,0,0
867,346.53,64,0,0
868,344.8,111,0,0
869,346.04,52,0,0
870,345.31,134,0,0
871,347.25,85,0,0
872,344.43,100,0,0
873,343.4,134,0,0
874,344.56,104,0,0
875,343.9,88,0,0
876,345.88,92,0,0
877,344.44,176,0,0
878,347.78,48,0,0
879,346.42,95,0,0
880,344.71,106,0,0
881,344.9,87,0,0
882,347.28,50,0,0
883,345.88,90,0,0
884,346.48,91,0,0
885,347.3,69,0,0
886,346.74,72,0,0
887,345.23,54,0,0
888,346.13,58,0,0
889,346.28,56,0,0
890,346.27,106,0,0
891,345.49,82,0,0
892,344.83,88,0,0
893,346.06,63,0,0
894,343.8,86,0,0
895,344.89,100,0,0
896,345.6,110,0,0
897,346.94,62,0,0
898,346.25,70,0,0
899,347.36,65,0,0
900,345.75,88,0,0
901,343.22,146,0,0
902,344.53,126,0,0
903,346.56,60,0,0
904,345.7,105,0,0
905,345.32,113,0,0
906,346.52,68,0,0
907,346.41,68,0,0
908,345.87,81,0,0
909,344.87,108,0,0
910,344.9,86,0,0
911,345.36,85,0,0
912,345.54,99,0,0
913,347.53,66,0,0
914,347.63,63,0,0
915,346.97,55,0,0
916,347.34,70,0,0
917,345.71,83,0,0
918,346.38,67,0,0
919,346.88,55,0,0
920,346.26,55,0,0
921,345.46,104,0,0
922,346.12,66,0,0
923,344.6,105,0,0
924,345.99,65,0,0
925,345.78,94,0,0
926,344.96,84,0,0
927,346.05,76,0,0
928,342.73,172,0,0
929,345.57,88,0,0
930,345.73,81,0,0
931,345.33,89,0,0
932,346.04,62,0,0
933,346.78,90,0,0
934,344.35,125,0,0
935,345.68,90,0,0
936,347.1,56,0,0
937,346.77,66,0,0
938,345.8,94,0,0
939,344.23,138,0,0
940,345.39,69,0,0
941,345.09,124,0,0
942,346.48,74,0,0
943,347.46,61,0,0
944,346.32,72,0,0
945,347.58,56,0,0
946,344.53,85,0,0
947,347.31,60,0,0
948,346.43,60,0,0
949,345.69,99,0,0
950,345.9,100,0,0
951,346.45,54,0,0
952,346.42,78,0,0
953,344.07,89,0,0
954,344.22,92,0,0
955,346.6,52,0,0
956,344.79,92,0,0
957,342.58,192,0,0
958,347.23,53,0,0
959,346.33,53,0,0
960,347.05,115,0,0
961,346.27,99,0,0
962,347.01,56,0,0
963,341.17,212,0,0
964,345.6,95,0,0
965,344.02,78,0,0
966,346.07,122,0,0
967,346.63,77,0,0
968,347.81,46,0,0
969,345.27,97,0,0
970,347.77,48,0,0
971,345.57,71,0,0
972,345.02,68,0,0
973,346.28,61,0,0
974,346.45,69,0,0
975,345.72,78,0,0
976,346.68,86,0,0
977,345.92,84,0,0
978,346.28,63,0,0
979,346.34,60,0,0
980,347.67,77,0,0
981,344.67,95,0,0
982,347.71,59,0,0
983,346.7,48,0,0
984,347.18,48,0,0
985,346.88,64,0,0
986,345.24,68,0,0
987,346.95,53,0,0
988,347.04,52,0,0
989,346.64,63,0,0
990,345.47,73,0,0
991,347.23,72,0,0
992,346.62,66,0,0
993,343.93,128,0,0
994,345.79,79,0,0
995,346.8,59,0,0
996,342.88,134,0,0
997,345.5,53,0,0
998,346.99,46,0,0
999,347.16,66,0,0
1000,346.49,58,0,0
1001,347.92,71,0,0
1002,344.5,115,0,0
1003,347.32,44,0,0
1004,343.81,107,0,0
1005,346.08,78,0,0
1006,346.81,70,0,0
1007,343.55,127,0,0
1008,345.82,75,0,0
1009,344.33,116,0,0
1010,346.0,91,0,0
1011,346.55,60,0,0
1012,347.11,75,0,0
1013,346.18,64,0,0
1014,346.19,62,0,0
1015,345.42,102,0,0
1016,346.68,57,0,0
1017,347.14,76,0,0
1018,345.09,79,0,0
1019,347.01,60,0,0
1020,345.06,74,0,0
1021,345.71,102,0,0
1022,347.1,47,0,0
1023,345.48,81,0,0
1024,346.4,72,0,0
1025,343.52,115,0,0
1026,345.29,95,0,0
1027,346.17,108,0,0
1028,346.15,56,0,0
1029,346.29,62,0,0
1030,343.55,108,0,0
1031,345.55,79,0,0
1032,345.73,107,0,0
1033,346.86,44,0,0
1034,346.03,52,0,0
1035,344.43,99,0,0
1036,345.53,52,0,0
1037,348.05,59,0,0
1038,345.19,65,0,0
1039,343.01,105,0,0
1040,346.65,82,0,0
1041,346.62,58,0,0
1042,345.98,65,0,0
1043,345.24,62,0,0
1044,347.5,62,0,0
1045,345.25,80,0,0
1046,346.85,62,0,0
1047,344.95,108,0,0
1048,346.01,83,0,0
1049,345.3,76,0,0
1050,347.36,68,0,0
1051,346.36,52,0,0
1052,343.44,98,0,0
1053,344.96,84,0,0
1054,345.77,86,0,0
1055,344.66,99,0,0
1056,346.64,74,0,0
1057,346.42,69,0,0
1058,347.19,54,0,0
1059,346.67,60,0,0
1060,345.66,73,0,0
1061,346.16,73,0,0
1062,346.5,75,0,0
1063,345.15,95,0,0
1064,345.28,90,0,0
1065,345.68,83,0,0
1066,345.82,86,0,0
1067,346.55,78,0,0
1068,344.53,113,0,0
1069,347.69,63,0,0
1070,347.55,48,0,0
1071,345.42,103,0,0
1072,346.66,40,0,0
1073,344.25,89,0,0
1074,345.63,73,0,0
1075,345.5,104,0,0
1076,346.73,42,0,0
1077,345.8,66,0,0
1078,347.7,64,0,0
1079,345.79,70,0,0
1080,346.19,59,0,0
1081,346.02,71,0,0
1082,344.57,71,0,0
1083,346.19,71,0,0
1084,346.24,52,0,0
1085,346.14,53,0,0
1086,346.22,72,0,0
1087,346.5,59,0,0
1088,346.61,55,0,0
1089,344.79,86,0,0
1090,346.65,70,0,0
1091,344.08,80,0,0
1092,345.69,72,0,0
1093,346.94,78,0,0
1094,347.0,70,0,0
1095,344.82,104,0,0
1096,347.38,44,0,0
1097,345.75,62,0,0
1098,345.22,79,0,0
1099,346.52,48,0,0
1100,344.8,85,0,0
1101,345.92,80,0,0
1102,345.58,115,0,0
1103,344.62,92,0,0
1104,347.25,78,0,0
1105,346.21,79,0,0
1106,345.79,64,0,0
1107,346.83,70,0,0
1108,346.11,68,0,0
1109,346.27,60,0,0
1110,346.95,53,0,0
1111,343.84,95,0,0
1112,346.49,70,0,0
1113,344.6,99,0,0
1114,346.01,56,0,0
1115,346.8,57,0,0
1116,346.63,73,0,0
1117,346.17,66,0,0
1118,343.91,90,0,0
1119,346.07,62,0,0
1120,346.99,75,0,0
1121,347.17,53,0,0
1122,345.2,82,0,0
1123,347.4,70,0,0
1124,345.68,67,0,0
1125,346.26,79,0,0
1126,347.24,56,0,0
1127,346.65,82,0,0
1128,347.64,42,0,0
1129,343.95,111,0,0
1130,346.51,69,0,0
1131,346.97,51,0,0
1132,347.28,93,0,0
1133,344.46,94,0,0
1134,346.25,79,0,0
1135,345.85,65,0,0
1136,346.79,87,0,0
1137,347.23,48,0,0
1138,345.58,100,0,0
1139,341.68,140,0,0
1140,345.7,81,0,0
1141,346.65,46,0,0
1142,347.37,79,0,0
1143,346.39,76,0,0
1144,345.79,83,0,0
1145,346.87,65,0,0
1146,346.69,74,0,0
1147,347.13,65,0,0
1148,347.03,54,0,0
1149,346.79,57,0,0
1150,346.13,63,0,0
1151,345.44,129,0,0
1152,346.02,58,0,0
1153,347.11,72,0,0
1154,346.77,62,0,0
1155,345.93,92,0,0
1156,345.73,70,0,0
1157,346.56,65,0,0
1158,346.97,46,0,0
1159,345.6,93,0,0
1160,345.57,64,0,0
1161,346.6,83,0,0
1162,346.54,68,0,0
1163,346.81,83,0,0
1164,347.42,64,0,0
1165,345.35,91,0,0
1166,343.3,106,0,0
1167,346.59,55,0,0
1168,347.46,75,0,0
1169,345.89,57,0,0
1170,345.54,79,0,0
1171,346.66,61,0,0
1172,344.57,102,0,0
1173,346.31,85,0,0
1174,346.15,68,0,0
1175,345.44,60,0,0
1176,345.73,64,0,0
1177,346.26,77,0,0
1178,346.06,129,0,0
1179,343.46,104,0,0
1180,344.54,83,0,0
1181,347.62,54,0,0
1182,347.02,65,0,0
1183,343.79,129,0,0
1184,346.08,93,0,0
1185,345.42,123,0,0
1186,346.37,62,0,0
1187,346.86,53,0,0
1188,346.2,50,0,0
1189,344.7,163,0,0
1190,347.4,52,0,0
1191,346.37,53,0,0
1192,345.99,100,0,0
1193,346.41,59,0,0
1194,345.5,94,0,0
1195,348.31,46,0,0
1196,345.83,93,0,0
1197,347.01,50,0,0
1198,345.79,88,0,0
1199,345.99,67,0,0
1200,347.07,46,0,0
1201,345.63,62,0,0
1202,345.08,60,0,0
1203,347.69,45,0,0
1204,346.25,69,0,0
1205,345.12,84,0,0
1206,345.96,91,0,0
1207,345.28,64,0,0
1208,347.4,55,0,0
1209,347.21,42,0,0
1210,345.46,69,0,0
1211,346.44,59,0,0
1212,347.07,50,0,0
1213,345.09,74,0,0
1214,345.44,91,0,0
1215,344.28,108,0,0
1216,344.8,77,0,0
1217,346.7,72,0,0
1218,346.28,56,0,0
1219,346.76,62,0,0
1220,346.28,95,0,0
1221,347.38,44,0,0
1222,346.8,76,0,0
1223,341.99,142,0,0
1224,345.17,76,0,0
1225,346.56,63,0,0
1226,345.51,66,0,0
1227,345.63,60,0,0
1228,344.5,126,0,0
1229,343.83,99,0,0
1230,346.64,51,0,0
1231,345.73,83,0,0
1232,347.49,50,0,0
1233,346.13,69,0,0
1234,347.51,37,0,0
1235,347.1,55,0,0
1236,347.35,69,0,0
1237,346.01,62,0,0
1238,347.53,42,0,0
1239,347.21,61,0,0
1240,346.86,72,0,0
1241,343.4,138,0,0
1242,345.74,48,0,0
1243,344.99,137,0,0
1244,347.68,55,0,0
1245,346.37,52,0,0
1246,346.88,54,0,0
1247,346.37,61,0,0
1248,345.29,72,0,0
1249,345.58,79,0,0
1250,345.51,128,0,0
1251,347.03,113,0,0
1252,347.39,50,0,0
1253,347.2,54,0,0
1254,346.88,56,0,0
1255,346.0,101,0,0
1256,346.08,80,0,0
1257,345.68,93,0,0
1258,346.48,78,0,0
1259,345.81,72,0,0
1260,345.74,73,0,0
1261,347.53,71,0,0
1262,345.85,92,0,0
1263,346.59,63,0,0
1264,347.71,54,0,0
1265,345.64,87,0,0
1266,345.78,72,0,0
1267,346.39,100,0,0
1268,345.23,88,0,0
1269,345.53,74,0,0
1270,346.0,87,0,0
1271,344.67,66,0,0
1272,346.47,58,0,0
1273,344.78,101,0,0
1274,345.16,67,0,0
1275,347.39,50,0,0
1276,345.36,71,0,0
1277,346.61,116,0,0
1278,346.68,56,0,0
1279,347.21,58,0,0
1280,347.34,73,0,0
1281,346.31,56,0,0
1282,347.2,66,0,0
1283,346.81,53,0,0
1284,345.4,82,0,0
1285,344.89,96,0,0
1286,347.64,48,0,0
1287,345.93,60,0,0
1288,345.03,80,0,0
1289,346.95,69,0,0
1290,345.54,81,0,0
1291,346.56,98,0,0
1292,346.29,46,0,0
1293,347.84,80,0,0
1294,345.34,65,0,0
1295,345.69,86,0,0
1296,346.55,67,0,0
1297,346.07,73,0,0
1298,344.87,88,0,0
1299,346.31,70,0,0
1300,346.29,88,0,0
1301,342.84,100,0,0
1302,347.06,54,0,0
1303,346.01,64,0,0
1304,346.2,68,0,0
1305,345.77,54,0,0
1306,346.82,66,0,0
1307,347.17,89,0,0
1308,346.01,82,0,0
1309,346.04,54,0,0
1310,346.0,67,0,0
1311,345.98,109,0,0
1312,347.27,54,0,0
1313,346.53,65,0,0
1314,347.07,50,0,0
1315,346.56,56,0,0
1316,347.15,110,0,0
1317,345.76,94,0,0
1318,347.19,57,0,0
1319,346.37,58,0,0
1320,346.5,95,0,0
1321,346.2,72,0,0
1322,345.63,103,0,0
1323,346.46,48,0,0
1324,347.25,58,0,0
1325,347.57,61,0,0
1326,347.25,50,0,0
1327,345.49,60,0,0
1328,346.46,58,0,0
1329,346.04,72,0,0
1330,347.13,46,0,0
1331,346.53,50,0,0
1332,344.75,110,0,0
1333,347.16,46,0,0
1334,346.97,75,0,0
1335,346.52,62,0,0
1336,347.02,64,0,0
1337,346.31,76,0,0
1338,346.68,57,0,0
1339,346.55,80,0,0
1340,347.33,64,0,0
1341,346.05,63,0,0
1342,347.53,61,0,0
1343,347.76,49,0,0
1344,344.71,75,0,0
1345,345.89,60,0,0
1346,345.86,70,0,0
1347,347.15,58,0,0
1348,346.63,56,0,0
1349,347.16,57,0,0
1350,347.12,45,0,0
1351,344.42,91,0,0
1352,347.08,87,0,0
1353,347.47,40,0,0
1354,345.48,101,0,0
1355,346.24,60,0,0
1356,346.68,56,0,0
1357,345.87,65,0,0
1358,346.81,53,0,0
1359,346.58,74,0,0
1360,345.2,91,0,0
1361,345.94,76,0,0
1362,346.87,58,0,0
1363,345.68,58,0,0
1364,345.7,88,0,0
1365,345.05,94,0,0
1366,346.46,74,0,0
1367,347.48,61,0,0
1368,346.3,55,0,0
1369,346.63,64,0,0
1370,346.81,57,0,0
1371,347.07,70,0,0
1372,346.67,64,0,0
1373,347.22,57,0,0
1374,347.01,81,0,0
1375,346.44,42,0,0
1376,347.1,52,0,0
1377,346.08,68,0,0
1378,346.82,61,0,0
1379,346.6,55,0,0
1380,345.48,80,0,0
1381,347.05,64,0,0
1382,346.33,69,0,0
1383,347.12,60,0,0
1384,345.89,84,0,0
1385,344.99,84,0,0
1386,346.87,81,0,0
1387,348.13,56,0,0
1388,345.72,63,0,0
1389,345.11,76,0,0
1390,346.39,66,0,0
1391,347.04,50,0,0
1392,347.8,69,0,0
1393,346.25,50,0,0
1394,346.81,43,0,0
1395,344.94,95,0,0
1396,346.0,62,0,0
1397,346.73,52,0,0
1398,347.26,59,0,0
1399,346.97,55,0,0
1400,345.4,87,0,0
1401,345.64,60,0,0
1402,347.14,57,0,0
1403,346.25,57,0,0
1404,347.15,70,0,0
1405,345.94,65,0,0
1406,344.27,90,0,0
1407,346.08,70,0,0
1408,345.8,64,0,0
1409,346.33,62,0,0
1410,346.21,48,0,0
1411,346.35,57,0,0
1412,346.89,48,0,0
1413,345.91,83,0,0
1414,346.09,69,0,0
1415,346.23,50,0,0
1416,347.6,57,0,0
1417,346.61,60,0,0
1418,345.71,64,0,0
1419,344.13,102,0,0
1420,347.34,48,0,0
1421,346.27,73,0,0
1422,346.36,75,0,0
1423,346.2,73,0,0
1424,347.21,58,0,0
1425,347.45,45,0,0
1426,346.54,81,0,0
1427,348.18,49,0,0
1428,346.76,50,0,0
1429,347.56,51,0,0
1430,346.15,61,0,0
1431,347.11,55,0,0
1432,345.53,64,0,0
1433,347.91,60,0,0
1434,347.03,54,0,0
1435,345.62,76,0,0
1436,346.72,60,0,0
1437,346.09,76,0,0
1438,344.35,95,0,0
1439,346.77,58,0,0
1440,347.05,54,0,0
1441,345.88,74,0,0
1442,346.82,63,0,0
1443,346.71,56,0,0
1444,347.24,62,0,0
1445,346.42,57,0,0
1446,345.93,54,0,0
1447,346.48,55,0,0
1448,345.3,68,0,0
1449,347.53,81,0,0
1450,346.57,54,0,0
1451,343.58,81,0,0
1452,347.46,50,0,0
1453,346.96,59,0,0
1454,346.02,80,0,0
1455,347.62,62,0,0
1456,346.46,72,0,0
1457,347.51,55,0,0
1458,347.46,51,0,0
1459,346.34,75,0,0
1460,346.78,56,0,0
1461,346.61,87,0,0
1462,346.42,46,0,0
1463,345.07,78,0,0
1464,346.55,76,0,0
1465,346.88,95,0,0
1466,344.96,108,0,0
1467,345.58,84,0,0
1468,346.33,74,0,0
1469,347.73,44,0,0
1470,346.42,72,0,0
1471,346.92,53,0,0
1472,344.83,81,0,0
1473,345.8,73,0,0
1474,347.59,62,0,0
1475,344.41,85,0,0
1476,347.48,63,0,0
1477,346.72,51,0,0
1478,344.38,111,0,0
1479,347.58,38,0,0
1480,345.48,75,0,0
1481,345.58,92,0,0
1482,346.08,48,0,0
1483,347.47,56,0,0
1484,347.29,53,0,0
1485,344.78,80,0,0
1486,346.43,61,0,0
1487,347.38,48,0,0
1488,346.39,76,0,0
1489,346.58,54,0,0
1490,346.8,72,0,0
1491,344.84,71,0,0
1492,347.14,56,0,0
1493,345.74,112,0,0
1494,346.81,66,0,0
1495,347.97,46,0,0
1496,345.35,87,0,0
1497,345.53,75,0,0
1498,346.27,75,0,0
1499,346.56,69,0,0
1500,347.63,41,0,0
1501,345.9,58,0,0
1502,347.92,47,0,0
1503,346.44,79,0,0
1504,345.46,50,0,0
1505,348.21,55,0,0
1506,346.54,62,0,0
1507,347.34,49,0,0
1508,347.44,54,0,0
1509,346.76,47,0,0
1510,345.59,62,0,0
1511,347.36,60,0,0
1512,347.35,48,0,0
1513,345.86,69,0,0
1514,347.42,49,0,0
1515,346.96,58,0,0
1516,347.03,64,0,0
1517,345.69,74,0,0
1518,348.03,43,0,0
1519,346.75,59,0,0
1520,345.65,96,0,0
1521,345.96,62,0,0
1522,346.98,50,0,0
1523,344.19,111,0,0
1524,346.61,72,0,0
1525,347.49,44,0,0
1526,347.33,62,0,0
1527,347.21,65,0,0
1528,348.12,64,0,0
1529,346.62,70,0,0
1530,345.56,80,0,0
1531,345.8,61,0,0
1532,347.32,55,0,0
1533,347.03,53,0,0
1534,347.03,70,0,0
1535,347.31,67,0,0
1536,347.49,40,0,0
1537,346.92,93,0,0
1538,345.31,56,0,0
1539,347.27,58,0,0
1540,347.17,46,0,0
1541,346.4,83,0,0
1542,348.01,42,0,0
1543,346.45,58,0,0
1544,347.25,60,0,0
1545,346.85,58,0,0
1546,346.09,65,0,0
1547,347.03,59,0,0
1548,345.33,97,0,0
1549,345.8,52,0,0
1550,347.05,55,0,0
1551,346.87,38,0,0
1552,346.52,78,0,0
1553,345.91,66,0,0
1554,347.39,36,0,0
1555,346.51,83,0,0
1556,345.53,68,0,0
1557,344.95,96,0,0
1558,347.8,40,0,0
1559,347.18,46,0,0
1560,346.97,46,0,0
1561,345.63,94,0,0
1562,345.41,78,0,0
1563,344.32,103,0,0
1564,345.51,74,0,0
1565,346.53,72,0,0
1566,347.29,53,0,0
1567,346.46,62,0,0
1568,346.41,60,0,0
1569,344.71,104,0,0
1570,347.62,58,0,0
1571,346.58,55,0,0
1572,347.37,50,0,0
1573,343.93,104,0,0
1574,347.71,58,0,0
1575,346.41,87,0,0
1576,347.8,55,0,0
1577,346.36,75,0,0
1578,347.03,44,0,0
1579,346.44,62,0,0
1580,346.26,64,0,0
1581,348.77,82,0,0
1582,346.86,48,0,0
1583,346.51,50,0,0
1584,346.68,64,0,0
1585,345.08,66,0,0
1586,346.58,59,0,0
1587,346.84,48,0,0
1588,344.95,68,0,0
1589,347.23,56,0,0
1590,345.86,61,0,0
1591,347.47,36,0,0
1592,347.26,72,0,0
1593,347.55,70,0,0
1594,347.73,68,0,0
1595,347.27,48,0,0
1596,347.66,56,0,0
1597,344.8,136,0,0
1598,345.54,71,0,0
1599,346.2,64,0,0
1600,347.86,36,0,0
1601,347.29,57,0,0
1602,347.16,52,0,0
1603,346.54,80,0,0
1604,346.93,64,0,0
1605,347.73,58,0,0
1606,345.63,61,0,0
1607,346.65,50,0,0
1608,346.61,44,0,0
1609,346.38,72,0,0
1610,347.71,50,0,0
1611,347.58,48,0,0
1612,346.11,80,0,0
1613,346.41,46,0,0
1614,346.51,56,0,0
1615,347.52,40,0,0
1616,347.61,42,0,0
1617,347.15,48,0,0
1618,346.73,71,0,0
1619,347.13,69,0,0
1620,347.52,40,0,0
1621,346.77,72,0,0
1622,345.73,78,0,0
1623,348.45,52,0,0
1624,346.22,64,0,0
1625,346.0,70,0,0
1626,345.47,64,0,0
1627,347.15,51,0,0
1628,346.43,67,0,0
1629,347.2,52,0,0
1630,346.56,48,0,0
1631,347.19,46,0,0
1632,346.22,83,0,0
1633,346.83,49,0,0
1634,346.81,44,0,0
1635,347.48,48,0,0
1636,346.32,64,0,0
1637,346.34,69,0,0
1638,345.45,103,0,0
1639,347.67,42,0,0
1640,346.73,49,0,0
1641,345.95,60,0,0
1642,345.49,90,0,0
1643,346.88,54,0,0
1644,346.02,58,0,0
1645,347.63,38,0,0
1646,346.05,58,0,0
1647,345.2,78,0,0
1648,347.27,52,0,0
1649,346.93,47,0,0
1650,347.28,56,0,0
1651,347.82,63,0,0
1652,345.97,60,0,0
1653,346.91,60,0,0
1654,346.53,50,0,0
1655,346.92,53,0,0
1656,346.3,52,0,0
1657,346.09,89,0,0
1658,347.9,50,0,0
1659,347.6,56,0,0
1660,347.44,52,0,0
1661,346.89,62,0,0
1662,348.3,56,0,0
1663,346.43,73,0,0
1664,346.68,60,0,0
1665,347.7,49,0,0
1666,345.96,71,0,0
1667,346.16,69,0,0
1668,344.95,87,0,0
1669,346.21,53,0,0
1670,346.84,77,0,0
1671,345.91,55,0,0
1672,347.4,56,0,0
1673,346.88,57,0,0
1674,347.43,54,0,0
1675,345.21,66,0,0
1676,347.27,48,0,0
1677,346.24,74,0,0
1678,346.38,71,0,0
1679,346.91,50,0,0
1680,346.8,63,0,0
1681,347.47,54,0,0
1682,347.4,54,0,0
1683,345.42,73,0,0
1684,347.74,44,0,0
1685,347.54,50,0,0
1686,347.27,50,0,0
1687,346.01,58,0,0
1688,347.28,52,0,0
1689,347.26,38,0,0
1690,346.58,82,0,0
1691,346.73,59,0,0
1692,347.36,44,0,0
1693,346.78,51,0,0
1694,346.47,48,0,0
1695,346.17,67,0,0
1696,347.41,60,0,0
1697,346.74,52,0,0
1698,348.68,46,0,0
1699,346.59,68,0,0
1700,347.08,42,0,0
1701,346.3,44,0,0
1702,346.92,58,0,0
1703,346.86,66,0,0
1704,347.54,51,0,0
1705,347.49,46,0,0
1706,345.87,101,0,0
1707,347.19,50,0,0
1708,347.62,58,0,0
1709,348.34,59,0,0
1710,345.9,80,0,0
1711,346.43,70,0,0
1712,346.51,59,0,0
1713,345.47,74,0,0
1714,346.42,67,0,0
1715,346.67,46,0,0
1716,346.95,58,0,0
1717,347.27,66,0,0
1718,347.2,66,0,0
1719,346.11,63,0,0
1720,347.74,68,0,0
1721,345.76,72,0,0
1722,347.24,38,0,0
1723,346.72,51,0,0
1724,347.08,66,0,0
1725,347.79,69,0,0
1726,347.35,38,0,0
1727,346.9,63,0,0
1728,346.85,67,0,0
1729,345.23,57,0,0
1730,347.39,54,0,0
1731,347.62,52,0,0
1732,347.99,48,0,0
1733,346.31,55,0,0
1734,345.56,82,0,0
1735,345.58,61,0,0
1736,346.2,86,0,0
1737,346.45,61,0,0
1738,346.08,48,0,0
1739,347.99,52,0,0
1740,347.19,42,0,0
1741,346.5,50,0,0
1742,346.46,54,0,0
1743,347.44,49,0,0
1744,345.42,69,0,0
1745,347.5,55,0,0
1746,345.83,68,0,0
1747,348.06,50,0,0
1748,347.0,80,0,0
1749,346.57,72,0,0
1750,346.69,59,0,0
1751,347.72,52,0,0
1752,345.85,54,0,0
1753,346.02,68,0,0
1754,345.35,73,0,0
1755,346.97,44,0,0
1756,346.6,50,0,0
1757,346.47,44,0,0
1758,346.62,50,0,0
1759,346.58,62,0,0
1760,347.27,52,0,0
1761,346.89,61,0,0
1762,346.77,62,0,0
1763,346.64,61,0,0
1764,346.62,79,0,0
1765,347.55,56,0,0
1766,346.42,51,0,0
1767,345.75,83,0,0
1768,347.34,48,0,0
1769,346.87,47,0,0
1770,347.18,64,0,0
1771,346.81,71,0,0
1772,346.72,50,0,0
1773,346.65,58,0,0
1774,346.13,58,0,0
1775,346.15,52,0,0
1776,347.84,63,0,0
1777,346.87,48,0,0
1778,346.42,70,0,0
1779,345.66,64,0,0
1780,347.78,44,0,0
1781,347.4,46,0,0
1782,346.79,56,0,0
1783,347.12,60,0,0
1784,347.76,38,0,0
1785,346.44,51,0,0
1786,347.22,46,0,0
1787,347.33,62,0,0
1788,347.19,38,0,0
1789,347.14,51,0,0
1790,346.73,52,0,0
1791,345.63,98,0,0
1792,347.61,52,0,0
1793,346.81,46,0,0
1794,347.18,42,0,0
1795,346.4,57,0,0
1796,347.24,42,0,0
1797,347.04,54,0,0
1798,347.71,34,0,0
1799,346.83,46,0,0
1800,346.08,47,0,0
1801,346.43,62,0,0
1802,344.14,84,0,0
1803,348.59,64,0,0
1804,347.3,53,0,0
1805,346.73,56,0,0
1806,346.88,49,0,0
1807,346.3,82,0,0
1808,346.99,40,0,0
1809,347.13,46,0,0
1810,345.62,72,0,0
1811,346.14,59,0,0
1812,344.79,66,0,0
1813,347.0,50,0,0
1814,347.2,46,0,0
1815,346.99,44,0,0
1816,346.42,64,0,0
1817,346.82,42,0,0
1818,347.55,56,0,0
1819,347.55,55,0,0
1820,345.22,68,0,0
1821,347.57,40,0,0
1822,347.04,60,0,0
1823,346.48,59,0,0
1824,346.47,66,0,0
1825,345.41,102,0,0
1826,346.3,54,0,0
1827,346.37,56,0,0
1828,346.29,60,0,0
1829,347.84,44,0,0
1830,347.15,61,0,0
1831,346.3,50,0,0
1832,347.15,52,0,0
1833,348.05,37,0,0
1834,347.09,56,0,0
1835,347.04,51,0,0
1836,346.96,55,0,0
1837,346.96,48,0,0
1838,346.9,42,0,0
1839,346.2,77,0,0
1840,347.2,42,0,0
1841,346.59,54,0,0
1842,347.13,45,0,0
1843,347.67,42,0,0
1844,346.93,54,0,0
1845,346.93,48,0,0
1846,346.91,38,0,0
1847,347.09,49,0,0
1848,347.92,36,0,0
1849,346.44,56,0,0
1850,346.6,59,0,0
1851,347.91,40,0,0
1852,346.47,75,0,0
1853,346.84,53,0,0
1854,347.77,58,0,0
1855,347.57,36,0,0
1856,346.39,66,0,0
1857,346.91,52,0,0
1858,346.68,50,0,0
1859,346.89,61,0,0
1860,347.03,40,0,0
1861,346.92,55,0,0
1862,346.72,46,0,0
1863,346.47,58,0,0
1864,347.69,62,0,0
1865,345.86,79,0,0
1866,347.62,62,0,0
1867,347.25,48,0,0
1868,346.55,76,0,0
1869,346.43,65,0,0
1870,346.69,60,0,0
1871,348.28,50,0,0
1872,346.82,58,0,0
1873,348.13,48,0,0
1874,345.67,81,0,0
1875,346.97,58,0,0
1876,347.38,44,0,0
1877,347.05,55,0,0
1878,347.14,50,0,0
1879,346.27,50,0,0
1880,345.46,85,0,0
1881,347.07,64,0,0
1882,347.43,64,0,0
1883,346.91,40,0,0
1884,347.44,54,0,0
1885,346.87,42,0,0
1886,347.96,36,0,0
1887,347.4,48,0,0
1888,346.39,66,0,0
1889,346.29,60,0,0
1890,346.85,68,0,0
1891,347.65,48,0,0
1892,346.55,58,0,0
1893,345.15,64,0,0
1894,347.35,49,0,0
1895,347.36,45,0,0
1896,347.09,69,0,0
1897,345.61,74,0,0
1898,346.48,56,0,0
1899,346.69,58,0,0
1900,346.52,62,0,0
1901,347.9,47,0,0
1902,346.7,46,0,0
1903,346.72,50,0,0
1904,346.89,38,0,0
1905,347.34,72,0,0
1906,347.41,39,0,0
1907,345.93,50,0,0
1908,347.77,38,0,0
1909,347.26,38,0,0
1910,347.24,62,0,0
1911,347.45,49,0,0
1912,347.7,52,0,0
1913,348.06,52,0,0
1914,346.22,60,0,0
1915,347.22,76,0,0
1916,347.1,65,0,0
1917,346.63,64,0,0
1918,346.52,48,0,0
1919,347.08,46,0,0
1920,344.86,80,0,0
1921,347.32,58,0,0
1922,347.47,46,0,0
1923,346.79,46,0,0
1924,345.11,62,0,0
1925,347.61,52,0,0
1926,346.97,76,0,0
1927,346.23,54,0,0
1928,347.22,52,0,0
1929,346.22,54,0,0
1930,346.18,69,0,0
1931,345.72,76,0,0
1932,347.43,40,0,0
1933,345.28,78,0,0
1934,346.83,62,0,0
1935,344.59,76,0,0
1936,347.35,44,0,0
1937,346.95,56,0,0
1938,345.84,56,0,0
1939,347.34,49,0,0
1940,346.48,77,0,0
1941,347.77,44,0,0
1942,346.61,59,0,0
1943,345.87,73,0,0
1944,347.12,64,0,0
1945,347.07,40,0,0
1946,345.84,50,0,0
1947,346.4,77,0,0
1948,347.3,38,0,0
1949,346.43,50,0,0
1950,347.1,50,0,0
1951,347.63,42,0,0
1952,346.68,60,0,0
1953,345.93,69,0,0
1954,346.45,62,0,0
1955,347.06,46,0,0
1956,347.24,46,0,0
1957,346.16,57,0,0
1958,346.89,52,0,0
1959,346.47,56,0,0
1960,346.7,55,0,0
1961,347.4,48,0,0
1962,347.3,52,0,0
1963,346.88,42,0,0
1964,347.54,60,0,0
1965,346.8,62,0,0
1966,348.16,53,0,0
1967,347.67,43,0,0
1968,347.13,60,0,0
1969,348.21,60,0,0
1970,347.11,54,0,0
1971,347.01,72,0,0
1972,347.21,52,0,0
1973,344.36,88,0,0
1974,345.84,88,0,0
1975,345.89,65,0,0
1976,347.47,46,0,0
1977,347.63,32,0,0
1978,347.49,51,0,0
1979,348.31,41,0,0
1980,347.64,60,0,0
1981,347.4,44,0,0
1982,346.1,48,0,0
1983,347.03,40,0,0
1984,347.39,46,0,0
1985,344.87,114,0,0
1986,346.2,68,0,0
1987,347.72,53,0,0
1988,345.39,84,0,0
1989,347.02,61,0,0
1990,347.91,36,0,0
1991,346.93,66,0,0
1992,347.09,61,0,0
1993,347.53,43,0,0
1994,346.01,56,0,0
1995,346.99,45,0,0
1996,347.48,50,0,0
1997,346.82,46,0,0
1998,348.2,48,0,0
1999,345.97,56,0,0
2000,344.01,122,0,0
2001,345.95,60,0,0
2002,346.7,54,0,0
2003,346.91,48,0,0
2004,348.06,43,0,0
2005,347.54,42,0,0
2006,348.35,51,0,0
2007,347.68,52,0,0
2008,347.17,60,0,0
2009,347.11,46,0,0
2010,347.22,54,0,0
2011,347.36,38,0,0
2012,347.06,40,0,0
2013,346.66,68,0,0
2014,347.77,58,0,0
2015,347.89,40,0,0
2016,347.62,43,0,0
2017,346.45,58,0,0
2018,346.21,63,0,0
2019,346.7,55,0,0
2020,345.7,73,0,0
2021,346.85,82,0,0
2022,347.2,49,0,0
2023,346.37,66,0,0
2024,346.76,56,0,0
2025,347.64,52,0,0
2026,347.1,50,0,0
2027,346.1,52,0,0
2028,346.93,52,0,0
2029,346.42,57,0,0
2030,347.02,51,0,0
2031,346.94,38,0,0
2032,347.21,46,0,0
2033,347.25,46,0,0
2034,346.94,44,0,0
2035,347.22,38,0,0
2036,347.68,43,0,0
2037,347.09,63,0,0
2038,346.2,50,0,0
2039,347.54,50,0,0
2040,346.72,46,0,0
2041,347.63,49,0,0
2042,347.95,41,0,0
2043,346.95,52,0,0
2044,347.16,57,0,0
2045,347.36,48,0,0
2046,346.16,77,0,0
2047,346.94,62,0,0
2048,347.87,35,0,0
2049,347.0,54,0,0
2050,346.69,73,0,0
2051,346.45,52,0,0
2052,346.83,58,0,0
2053,347.47,42,0,0
2054,347.53,36,0,0
2055,347.91,42,0,0
2056,346.34,72,0,0
2057,346.66,44,0,0
2058,346.32,61,0,0
2059,347.01,68,0,0
2060,347.28,48,0,0
2061,346.97,44,0,0
2062,347.08,50,0,0
2063,345.01,64,0,0
2064,348.09,40,0,0
2065,347.33,44,0,0
2066,347.63,52,0,0
2067,347.51,50,0,0
2068,346.82,46,0,0
2069,347.85,50,0,0
2070,346.71,50,0,0
2071,346.79,42,0,0
2072,346.99,44,0,0
2073,346.64,50,0,0
2074,345.91,56,0,0
2075,347.63,43,0,0
2076,347.28,38,0,0
2077,346.46,48,0,0
2078,347.83,47,0,0
2079,346.66,52,0,0
2080,345.76,62,0,0
2081,347.47,49,0,0
2082,347.44,40,0,0
2083,346.73,51,0,0
2084,347.54,46,0,0
2085,347.62,47,0,0
2086,348.27,43,0,0
2087,346.37,42,0,0
2088,348.08,42,0,0
2089,347.67,33,0,0
2090,346.45,48,0,0
2091,347.18,46,0,0
2092,346.87,48,0,0
2093,345.73,66,0,0
2094,347.59,42,0,0
2095,347.17,52,0,0
2096,347.17,45,0,0
2097,347.68,38,0,0
2098,347.07,64,0,0
2099,347.16,50,0,0
2100,346.88,56,0,0
2101,347.96,41,0,0
2102,346.71,60,0,0
2103,346.87,52,0,0
2104,347.96,45,0,0
2105,346.81,52,0,0
2106,345.75,54,0,0
2107,347.23,52,0,0
2108,346.47,62,0,0
2109,347.42,67,0,0
2110,346.99,44,0,0
2111,347.19,66,0,0
2112,346.7,55,0,0
2113,346.01,61,0,0
2114,347.73,38,0,0
2115,347.17,42,0,0
2116,347.57,36,0,0
2117,347.27,53,0,0
2118,347.26,48,0,0
2119,345.53,88,0,0
2120,347.05,50,0,0
2121,347.23,90,0,0
2122,347.84,45,0,0
2123,347.2,42,0,0
2124,346.24,54,0,0
2125,346.4,67,0,0
2126,347.23,51,0,0
2127,345.93,70,0,0
2128,346.81,62,0,0
2129,346.33,50,0,0
2130,346.62,63,0,0
2131,347.66,43,0,0
2132,347.3,54,0,0
2133,346.31,65,0,0
2134,345.04,106,0,0
2135,346.77,55,0,0
2136,346.77,51,0,0
2137,346.11,52,0,0
2138,345.98,64,0,0
2139,347.16,50,0,0
2140,348.13,58,0,0
2141,347.13,46,0,0
2142,347.18,56,0,0
2143,346.19,54,0,0
2144,346.1,52,0,0
2145,347.35,43,0,0
2146,346.78,52,0,0
2147,347.33,38,0,0
2148,345.62,65,0,0
2149,347.61,36,0,0
2150,347.12,50,0,0
2151,347.45,39,0,0
2152,346.8,46,0,0
2153,347.6,57,0,0
2154,346.56,59,0,0
2155,347.47,46,0,0
2156,347.6,46,0,0
2157,347.7,52,0,0
2158,347.76,52,0,0
2159,346.14,54,0,0
2160,347.94,41,0,0
2161,347.63,52,0,0
2162,347.67,47,0,0
2163,347.24,47,0,0
2164,346.2,54,0,0
2165,347.63,61,0,0
2166,345.79,69,0,0
2167,346.97,63,0,0
2168,346.07,52,0,0
2169,347.37,54,0,0
2170,346.78,62,0,0
2171,347.31,38,0,0
2172,346.18,54,0,0
2173,347.79,50,0,0
2174,345.95,56,0,0
2175,347.07,44,0,0
2176,347.05,78,0,0
2177,347.72,38,0,0
2178,346.67,64,0,0
2179,346.84,70,0,0
2180,348.26,40,0,0
2181,347.67,48,0,0
2182,346.97,48,0,0
2183,346.79,42,0,0
2184,346.7,59,0,0
2185,346.75,46,0,0
2186,347.98,32,0,0
2187,347.11,51,0,0
2188,346.67,55,0,0
2189,347.87,44,0,0
2190,347.42,45,0,0
2191,348.01,47,0,0
2192,346.42,66,0,0
2193,346.85,42,0,0
2194,347.5,50,0,0
2195,344.33,80,0,0
2196,346.4,70,0,0
2197,346.95,56,0,0
2198,347.06,50,0,0
2199,346.87,52,0,0
2200,347.58,36,0,0
2201,347.52,70,0,0
2202,347.66,58,0,0
2203,347.4,49,0,0
2204,346.69,50,0,0
2205,347.6,42,0,0
2206,347.13,54,0,0
2207,347.97,61,0,0
2208,347.73,34,0,0
2209,347.17,48,0,0
2210,347.09,50,0,0
2211,346.37,56,0,0
2212,347.56,40,0,0
2213,346.28,53,0,0
2214,347.03,44,0,0
2215,347.59,46,0,0
2216,347.45,45,0,0
2217,348.07,43,0,0
2218,347.15,41,0,0
2219,346.57,58,0,0
2220,347.67,38,0,0
2221,347.44,64,0,0
2222,346.72,64,0,0
2223,346.22,58,0,0
2224,346.95,58,0,0
2225,347.14,65,0,0
2226,347.19,70,0,0
2227,347.89,40,0,0
2228,347.23,48,0,0
2229,346.83,46,0,0
2230,346.59,63,0,0
2231,346.48,66,0,0
2232,346.8,52,0,0
2233,346.54,62,0,0
2234,346.72,47,0,0
2235,347.64,42,0,0
2236,348.04,32,0,0
2237,346.93,48,0,0
2238,347.08,50,0,0
2239,347.35,44,0,0
2240,347.19,51,0,0
2241,347.19,47,0,0
2242,346.7,55,0,0
2243,346.18,60,0,0
2244,347.78,51,0,0
2245,346.3,70,0,0
2246,347.08,40,0,0
2247,347.27,52,0,0
2248,348.42,42,0,0
2249,347.14,47,0,0
2250,346.84,60,0,0
2251,347.55,55,0,0
2252,347.37,44,0,0
2253,346.88,42,0,0
2254,346.46,72,0,0
2255,348.12,40,0,0
2256,347.86,40,0,0
2257,347.49,45,0,0
2258,346.96,38,0,0
2259,346.99,48,0,0
2260,345.31,62,0,0
2261,347.15,50,0,0
2262,347.2,47,0,0
2263,345.67,74,0,0
2264,346.79,50,0,0
2265,346.43,61,0,0
2266,347.16,46,0,0
2267,346.57,49,0,0
2268,347.72,38,0,0
2269,346.43,58,0,0
2270,347.17,50,0,0
2271,345.61,74,0,0
2272,346.47,57,0,0
2273,347.16,50,0,0
2274,347.48,46,0,0
2275,347.52,40,0,0
2276,347.18,52,0,0
2277,347.53,50,0,0
2278,347.51,41,0,0
2279,347.48,64,0,0
2280,348.33,36,0,0
2281,346.11,77,0,0
2282,347.16,46,0,0
2283,347.0,46,0,0
2284,345.88,64,0,0
2285,347.56,42,0,0
2286,347.31,42,0,0
2287,347.32,77,0,0
2288,346.7,45,0,0
2289,346.94,62,0,0
2290,345.9,56,0,0
2291,346.83,52,0,0
2292,347.48,40,0,0
2293,347.74,38,0,0
2294,346.74,57,0,0
2295,347.55,41,0,0
2296,347.35,52,0,0
2297,346.29,64,0,0
2298,347.64,48,0,0
2299,348.33,40,0,0
2300,346.96,40,0,0
2301,347.4,40,0,0
2302,346.2,44,0,0
2303,347.95,36,0,0
2304,347.77,34,0,0
2305,347.16,46,0,0
2306,347.34,38,0,0
2307,346.53,50,0,0
2308,347.98,42,0,0
2309,347.08,50,0,0
2310,347.38,39,0,0
2311,347.61,46,0,0
2312,347.09,64,0,0
2313,347.62,41,0,0
2314,347.24,52,0,0
2315,347.65,58,0,0
2316,347.25,42,0,0
2317,347.69,53,0,0
2318,347.31,42,0,0
2319,347.15,50,0,0
2320,346.76,50,0,0
2321,347.05,68,0,0
2322,347.24,61,0,0
2323,347.75,57,0,0
2324,347.08,40,0,0
2325,347.61,46,0,0
2326,346.85,56,0,0
2327,347.88,40,0,0
2328,347.25,80,0,0
2329,347.46,44,0,0
2330,346.04,56,0,0
2331,347.34,48,0,0
2332,347.26,38,0,0
2333,347.83,50,0,0
2334,347.57,42,0,0
2335,347.91,55,0,0
2336,347.55,46,0,0
2337,347.64,42,0,0
2338,347.39,50,0,0
2339,346.67,64,0,0
2340,347.76,44,0,0
2341,347.66,48,0,0
2342,346.8,74,0,0
2343,347.31,56,0,0
2344,347.85,44,0,0
2345,347.85,44,0,0
2346,347.45,50,0,0
2347,347.72,42,0,0
2348,347.07,54,0,0
2349,347.86,50,0,0
2350,347.06,42,0,0
2351,347.16,42,0,0
2352,348.08,43,0,0
2353,347.49,40,0,0
2354,346.71,54,0,0
2355,345.39,50,0,0
2356,347.09,40,0,0
2357,347.69,37,0,0
2358,348.37,46,0,0
2359,346.73,60,0,0
2360,348.25,40,0,0
2361,347.2,42,0,0
2362,346.22,64,0,0
2363,346.98,54,0,0
2364,345.55,76,0,0
2365,346.56,48,0,0
2366,347.76,43,0,0
2367,347.77,38,0,0
2368,346.4,46,0,0
2369,347.13,50,0,0
2370,347.14,50,0,0
2371,346.98,87,0,0
2372,348.08,62,0,0
2373,347.16,38,0,0
2374,346.04,48,0,0
2375,347.03,40,0,0
2376,347.29,34,0,0
2377,348.4,37,0,0
2378,347.43,40,0,0
2379,346.71,82,0,0
2380,347.73,47,0,0
2381,347.35,34,0,0
2382,346.06,62,0,0
2383,347.99,36,0,0
2384,347.13,40,0,0
2385,346.58,44,0,0
2386,344.6,70,0,0
2387,347.48,40,0,0
2388,347.43,60,0,0
2389,346.83,69,0,0
2390,346.36,74,0,0
2391,347.47,44,0,0
2392,347.1,46,0,0
2393,345.69,72,0,0
2394,346.73,64,0,0
2395,347.38,48,0,0
2396,347.31,38,0,0
2397,346.7,46,0,0
2398,347.81,44,0,0
2399,346.23,69,0,0
2400,346.91,56,0,0
2401,347.18,42,0,0
2402,347.44,44,0,0
2403,347.31,38,0,0
2404,346.0,60,0,0
2405,347.76,38,0,0
2406,347.23,46,0,0
2407,347.04,56,0,0
2408,347.03,64,0,0
2409,347.12,50,0,0
2410,347.63,37,0,0
2411,347.36,52,0,0
2412,346.24,50,0,0
2413,347.83,74,0,0
2414,347.68,38,0,0
2415,347.2,46,0,0
2416,347.74,38,0,0
2417,347.23,46,0,0
2418,346.62,48,0,0
2419,347.86,45,0,0
2420,346.44,52,0,0
2421,346.79,64,0,0
2422,347.92,40,0,0
2423,346.74,51,0,0
2424,348.17,34,0,0
2425,347.74,38,0,0
2426,347.06,40,0,0
2427,347.38,34,0,0
2428,348.07,38,0,0
2429,347.06,40,0,0
2430,346.44,72,0,0
2431,347.2,48,0,0
2432,346.16,58,0,0
2433,347.99,50,0,0
2434,348.03,52,0,0
2435,347.12,51,0,0
2436,347.17,50,0,0
2437,347.14,36,0,0
2438,347.61,36,0,0
2439,346.12,68,0,0
2440,346.61,54,0,0
2441,346.91,72,0,0
2442,347.84,35,0,0
2443,346.61,49,0,0
2444,346.64,50,0,0
2445,347.49,47,0,0
2446,347.92,40,0,0
2447,346.67,54,0,0
2448,347.88,40,0,0
2449,346.74,50,0,0
2450,346.99,40,0,0
2451,347.36,40,0,0
2452,346.99,44,0,0
2453,347.78,44,0,0
2454,346.79,46,0,0
2455,347.48,46,0,0
2456,347.69,43,0,0
2457,347.29,37,0,0
2458,346.54,50,0,0
2459,347.15,55,0,0
2460,347.79,39,0,0
2461,345.52,87,0,0
2462,347.08,41,0,0
2463,347.12,46,0,0
2464,348.09,42,0,0
2465,347.36,51,0,0
2466,346.83,51,0,0
2467,348.33,40,0,0
2468,347.21,52,0,0
2469,346.98,44,0,0
2470,347.64,42,0,0
2471,346.96,53,0,0
2472,347.65,42,0,0
2473,346.9,48,0,0
2474,348.11,76,0,0
2475,347.5,36,0,0
2476,347.68,48,0,0
2477,346.96,51,0,0
2478,346.88,49,0,0
2479,346.61,55,0,0
2480,346.91,52,0,0
2481,347.64,32,0,0
2482,346.25,54,0,0
2483,347.05,40,0,0
2484,346.57,54,0,0
2485,346.46,61,0,0
2486,347.06,50,0,0
2487,345.71,48,0,0
2488,348.34,55,0,0
2489,346.27,50,0,0
2490,347.73,48,0,0
2491,347.49,46,0,0
2492,346.83,52,0,0
2493,346.73,46,0,0
2494,346.45,48,0,0
2495,347.31,52,0,0
2496,346.79,46,0,0
2497,348.12,38,0,0
2498,348.07,42,0,0
2499,347.53,55,0,0
2500,346.65,44,0,0
2501,346.4,56,0,0
2502,346.43,60,0,0
2503,346.96,38,0,0
2504,347.53,46,0,0
2505,347.84,36,0,0
2506,347.53,45,0,0
2507,347.2,42,0,0
2508,346.0,62,0,0
2509,347.84,58,0,0
2510,346.76,40,0,0
2511,347.39,48,0,0
2512,346.55,58,0,0
2513,347.55,36,0,0
2514,347.24,43,0,0
2515,347.22,41,0,0
2516,347.53,42,0,0
2517,348.25,45,0,0
2518,347.19,46,0,0
2519,347.43,40,0,0
2520,348.17,40,0,0
2521,347.38,48,0,0
2522,347.93,31,0,0
2523,347.2,47,0,0
2524,347.96,46,0,0
2525,347.39,48,0,0
2526,347.82,45,0,0
2527,347.15,45,0,0
2528,346.9,58,0,0
2529,347.99,46,0,0
2530,347.34,52,0,0
2531,346.49,58,0,0
2532,347.54,42,0,0
2533,346.96,43,0,0
2534,347.17,46,0,0
2535,347.37,58,0,0
2536,347.87,44,0,0
2537,347.48,50,0,0
2538,347.13,64,0,0
2539,346.9,38,0,0
2540,347.82,39,0,0
2541,347.54,56,0,0
2542,345.69,67,0,0
2543,347.3,52,0,0
2544,347.59,36,0,0
2545,346.52,47,0,0
2546,347.1,40,0,0
2547,347.58,42,0,0
2548,347.33,47,0,0
2549,347.65,56,0,0
2550,347.81,34,0,0
2551,347.42,54,0,0
2552,345.11,97,0,0
2553,347.29,48,0,0
2554,346.65,54,0,0
2555,347.33,43,0,0
2556,346.66,40,0,0
2557,347.59,56,0,0
2558,347.54,45,0,0
2559,346.86,48,0,0
2560,347.97,36,0,0
2561,345.86,58,0,0
2562,348.26,36,0,0
2563,348.01,46,0,0
2564,347.79,44,0,0
2565,346.61,50,0,0
2566,347.42,48,0,0
2567,346.39,56,0,0
2568,347.39,48,0,0
2569,347.38,38,0,0
2570,347.81,34,0,0
2571,348.08,39,0,0
2572,346.82,46,0,0
2573,347.57,52,0,0
2574,347.7,47,0,0
2575,347.86,40,0,0
2576,347.79,44,0,0
2577,347.3,42,0,0
2578,347.4,50,0,0
2579,347.5,40,0,0
2580,347.21,44,0,0
2581,348.35,40,0,0
2582,347.15,41,0,0
2583,346.95,48,0,0
2584,347.01,56,0,0
2585,347.8,40,0,0
2586,347.62,46,0,0
2587,346.83,48,0,0
2588,347.24,46,0,0
2589,346.98,44,0,0
2590,347.35,44,0,0
2591,345.5,88,0,0
2592,346.67,40,0,0
2593,347.72,53,0,0
2594,347.31,48,0,0
2595,345.79,81,0,0
2596,347.36,62,0,0
2597,347.05,50,0,0
2598,347.77,58,0,0
2599,347.38,53,0,0
2600,346.37,50,0,0
2601,346.61,63,0,0
2602,348.05,38,0,0
2603,347.15,36,0,0
2604,345.41,72,0,0
2605,346.36,50,0,0
2606,347.11,36,0,0
2607,346.49,54,0,0
2608,347.72,38,0,0
2609,347.49,45,0,0
2610,346.54,48,0,0
2611,348.07,56,0,0
2612,348.11,42,0,0
2613,347.21,70,0,0
2614,347.74,34,0,0
2615,347.2,46,0,0
2616,347.87,44,0,0
2617,346.94,68,0,0
2618,345.54,64,0,0
2619,348.03,37,0,0
2620,347.14,45,0,0
2621,346.67,63,0,0
2622,347.34,53,0,0
2623,347.24,42,0,0
2624,347.22,69,0,0
2625,347.38,40,0,0
2626,347.87,40,0,0
2627,347.51,47,0,0
2628,346.69,40,0,0
2629,347.44,40,0,0
2630,348.28,46,0,0
2631,347.15,46,0,0
2632,348.13,38,0,0
2633,347.26,52,0,0
2634,347.66,56,0,0
2635,346.42,42,0,0
2636,346.54,71,0,0
2637,346.61,48,0,0
2638,347.58,42,0,0
2639,346.53,66,0,0
2640,345.91,69,0,0
2641,346.32,46,0,0
2642,347.39,44,0,0
2643,347.77,52,0,0
2644,347.37,54,0,0
2645,346.82,46,0,0
2646,346.76,69,0,0
2647,346.73,50,0,0
2648,347.23,42,0,0
2649,348.02,46,0,0
2650,347.4,53,0,0
2651,347.37,44,0,0
2652,346.82,42,0,0
2653,346.87,38,0,0
2654,346.77,46,0,0
2655,347.38,68,0,0
2656,347.24,46,0,0
2657,347.97,47,0,0
2658,347.52,40,0,0
2659,347.88,40,0,0
2660,346.55,64,0,0
2661,347.7,42,0,0
2662,346.35,61,0,0
2663,347.32,42,0,0
2664,348.17,44,0,0
2665,347.44,59,0,0
2666,347.15,46,0,0
2667,347.61,48,0,0
2668,346.01,56,0,0
2669,347.26,46,0,0
2670,347.46,40,0,0
2671,346.02,70,0,0
2672,346.79,52,0,0
2673,347.43,44,0,0
2674,346.87,71,0,0
2675,346.06,62,0,0
2676,347.17,68,0,0
2677,347.44,50,0,0
2678,346.11,80,0,0
2679,347.71,52,0,0
2680,347.39,40,0,0
2681,347.15,40,0,0
2682,346.96,43,0,0
2683,347.06,54,0,0
2684,347.49,36,0,0
2685,348.2,48,0,0
2686,346.42,52,0,0
2687,347.16,36,0,0
2688,347.75,39,0,0
2689,346.93,53,0,0
2690,348.22,56,0,0
2691,346.5,56,0,0
2692,347.52,55,0,0
2693,346.27,45,0,0
2694,346.17,53,0,0
2695,347.81,34,0,0
2696,347.82,34,0,0
2697,347.97,36,0,0
2698,347.63,54,0,0
2699,347.31,62,0,0
2700,347.08,40,0,0
2701,346.32,64,0,0
2702,346.07,70,0,0
2703,346.67,42,0,0
2704,347.96,36,0,0
2705,347.21,46,0,0
2706,346.7,50,0,0
2707,348.53,62,0,0
2708,347.15,46,0,0
2709,345.97,65,0,0
2710,347.34,38,0,0
2711,346.38,61,0,0
2712,347.62,42,0,0
2713,347.33,38,0,0
2714,346.59,53,0,0
2715,347.91,36,0,0
2716,346.27,50,0,0
2717,347.25,42,0,0
2718,347.08,40,0,0
2719,348.43,46,0,0
2720,347.53,36,0,0
2721,347.48,44,0,0
2722,347.16,46,0,0
2723,347.29,52,0,0
2724,347.23,46,0,0
2725,347.27,42,0,0
2726,347.32,58,0,0
2727,347.38,38,0,0
2728,346.67,58,0,0
2729,346.94,44,0,0
2730,347.7,47,0,0
2731,347.28,56,0,0
2732,347.23,42,0,0
2733,347.38,48,0,0
2734,347.64,32,0,0
2735,347.53,40,0,0
2736,347.3,43,0,0
2737,346.36,60,0,0
2738,346.7,46,0,0
2739,347.69,38,0,0
2740,348.11,38,0,0
2741,346.56,96,0,0
2742,346.51,44,0,0
2743,346.99,44,0,0
2744,347.2,46,0,0
2745,347.09,40,0,0
2746,347.6,42,0,0
2747,346.59,48,0,0
2748,346.86,42,0,0
2749,347.5,42,0,0
2750,346.54,44,0,0
2751,346.91,71,0,0
2752,347.47,54,0,0
2753,346.72,56,0,0
2754,346.92,62,0,0
2755,347.99,46,0,0
2756,347.58,36,0,0
2757,346.84,42,0,0
2758,347.29,53,0,0
2759,347.57,46,0,0
2760,347.45,44,0,0
2761,347.48,45,0,0
2762,347.41,34,0,0
2763,347.82,44,0,0
2764,347.52,50,0,0
2765,347.62,42,0,0
2766,347.69,38,0,0
2767,346.84,46,0,0
2768,348.35,46,0,0
2769,347.86,44,0,0
2770,346.92,48,0,0
2771,347.87,40,0,0
2772,346.54,57,0,0
2773,347.08,68,0,0
2774,346.78,46,0,0
2775,348.11,44,0,0
2776,347.68,38,0,0
2777,346.29,62,0,0
2778,348.58,52,0,0
2779,347.01,48,0,0
2780,347.86,46,0,0
2781,347.14,40,0,0
2782,346.98,53,0,0
2783,347.18,65,0,0
2784,346.3,50,0,0
2785,347.29,34,0,0
2786,347.49,40,0,0
2787,346.31,55,0,0
2788,347.46,58,0,0
2789,347.65,52,0,0
2790,347.33,76,0,0
2791,347.13,46,0,0
2792,347.71,52,0,0
2793,347.67,42,0,0
2794,346.8,46,0,0
2795,347.43,44,0,0
2796,346.49,90,0,0
2797,347.7,42,0,0
2798,347.18,56,0,0
2799,347.19,52,0,0
2800,346.2,54,0,0
2801,348.04,38,0,0
2802,347.08,55,0,0
2803,346.92,42,0,0
2804,347.84,44,0,0
2805,347.08,40,0,0
2806,347.23,41,0,0
2807,346.3,64,0,0
2808,347.69,49,0,0
2809,347.2,47,0,0
2810,347.4,43,0,0
2811,347.46,40,0,0
2812,346.83,48,0,0
2813,347.54,36,0,0
2814,347.27,38,0,0
2815,347.31,38,0,0
2816,347.52,40,0,0
2817,347.25,51,0,0
2818,346.6,48,0,0
2819,347.51,36,0,0
2820,347.06,44,0,0
2821,346.81,70,0,0
2822,348.28,54,0,0
2823,347.95,37,0,0
2824,347.39,40,0,0
2825,347.87,36,0,0
2826,347.68,42,0,0
2827,347.65,42,0,0
2828,346.78,50,0,0
2829,349.05,46,0,0
2830,347.91,36,0,0
2831,347.57,36,0,0
2832,346.78,46,0,0
2833,347.72,38,0,0
2834,347.41,34,0,0
2835,347.84,30,0,0
2836,347.78,56,0,0
2837,347.17,46,0,0
2838,347.6,51,0,0
2839,347.91,40,0,0
2840,347.46,40,0,0
2841,347.22,38,0,0
2842,347.87,30,0,0
2843,347.17,56,0,0
2844,347.23,42,0,0
2845,346.6,50,0,0
2846,347.95,37,0,0
2847,346.96,48,0,0
2848,348.25,68,0,0
2849,347.27,38,0,0
2850,346.85,47,0,0
2851,346.3,54,0,0
2852,346.07,52,0,0
2853,347.32,48,0,0
2854,347.35,34,0,0
2855,346.07,57,0,0
2856,347.53,42,0,0
2857,347.13,46,0,0
2858,345.66,70,0,0
2859,347.48,40,0,0
2860,347.6,51,0,0
2861,345.75,72,0,0
2862,346.76,50,0,0
2863,347.77,34,0,0
2864,347.34,38,0,0
2865,345.32,80,0,0
2866,347.61,50,0,0
2867,347.09,44,0,0
2868,345.94,47,0,0
2869,346.93,47,0,0
2870,347.05,49,0,0
2871,347.73,38,0,0
2872,347.53,46,0,0
2873,346.69,67,0,0
2874,345.77,54,0,0
2875,346.67,44,0,0
2876,347.53,36,0,0
2877,347.48,42,0,0
2878,347.17,36,0,0
2879,347.91,36,0,0
2880,348.09,42,0,0
2881,347.06,40,0,0
2882,346.85,48,0,0
2883,347.2,42,0,0
2884,347.35,38,0,0
2885,347.55,50,0,0
2886,347.29,42,0,0
2887,347.45,40,0,0
2888,348.13,38,0,0
2889,346.85,42,0,0
2890,346.9,42,0,0
2891,347.2,46,0,0
2892,348.16,34,0,0
2893,348.17,48,0,0
2894,346.53,48,0,0
2895,346.16,68,0,0
2896,346.93,48,0,0
2897,347.77,34,0,0
2898,347.18,36,0,0
2899,347.3,62,0,0
2900,347.49,40,0,0
2901,347.25,42,0,0
2902,347.61,52,0,0
2903,347.35,34,0,0
2904,347.25,38,0,0
2905,346.45,48,0,0
2906,347.48,40,0,0
2907,347.57,36,0,0
2908,347.73,38,0,0
2909,345.04,63,0,0
2910,347.25,56,0,0
2911,347.89,40,0,0
2912,347.51,54,0,0
2913,347.37,44,0,0
2914,347.5,42,0,0
2915,346.87,42,0,0
2916,347.01,53,0,0
2917,346.13,62,0,0
2918,347.12,42,0,0
2919,347.27,38,0,0
2920,347.24,48,0,0
2921,346.37,69,0,0
2922,346.17,60,0,0
2923,347.52,36,0,0
2924,347.68,48,0,0
2925,348.0,32,0,0
2926,348.16,48,0,0
2927,347.84,44,0,0
2928,347.97,36,0,0
2929,347.16,40,0,0
2930,347.29,48,0,0
2931,346.83,46,0,0
2932,347.23,47,0,0
2933,347.83,44,0,0
2934,347.64,37,0,0
2935,347.51,40,0,0
2936,347.17,36,0,0
2937,346.64,54,0,0
2938,347.0,44,0,0
2939,347.8,34,0,0
2940,347.56,41,0,0
2941,347.36,43,0,0
2942,347.63,42,0,0
2943,346.07,56,0,0
2944,347.06,48,0,0
2945,347.69,42,0,0
2946,347.59,42,0,0
2947,346.74,40,0,0
2948,347.03,58,0,0
2949,347.4,48,0,0
2950,347.09,50,0,0
2951,346.97,67,0,0
2952,345.64,61,0,0
2953,346.97,48,0,0
2954,347.19,36,0,0
2955,348.09,38,0,0
2956,347.48,46,0,0
2957,347.19,55,0,0
2958,347.68,43,0,0
2959,346.73,46,0,0
2960,347.02,54,0,0
2961,347.44,40,0,0
2962,347.07,50,0,0
2963,347.81,34,0,0
2964,346.53,48,0,0
2965,348.12,38,0,0
2966,347.55,50,0,0
2967,348.1,38,0,0
2968,347.9,36,0,0
2969,347.21,51,0,0
2970,347.28,42,0,0
2971,346.21,53,0,0
2972,347.95,36,0,0
2973,347.08,50,0,0
2974,347.0,40,0,0
2975,347.53,40,0,0
2976,347.1,50,0,0
2977,347.69,42,0,0
2978,344.67,58,0,0
2979,347.63,42,0,0
2980,347.88,40,0,0
2981,348.18,34,0,0
2982,346.86,51,0,0
2983,347.13,40,0,0
2984,347.13,45,0,0
2985,346.41,48,0,0
2986,348.27,40,0,0
2987,347.09,36,0,0
2988,347.12,40,0,0
2989,347.4,34,0,0
2990,347.79,34,0,0
2991,347.56,36,0,0
2992,347.75,43,0,0
2993,347.49,45,0,0
2994,347.65,56,0,0
2995,347.7,52,0,0
2996,346.71,64,0,0
2997,347.16,36,0,0
2998,348.14,38,0,0
2999,347.11,45,0,0
3000,347.81,44,0,0
3001,347.15,40,0,0
3002,347.29,38,0,0
3003,347.23,46,0,0
3004,347.25,46,0,0
3005,346.52,65,0,0
3006,346.8,46,0,0
3007,347.63,42,0,0
3008,347.48,49,0,0
3009,347.08,40,0,0
3010,345.98,75,0,0
3011,347.02,48,0,0
3012,347.48,50,0,0
3013,346.9,48,0,0
3014,347.0,44,0,0
3015,347.74,58,0,0
3016,347.1,36,0,0
3017,345.63,70,0,0
3018,347.26,42,0,0
3019,347.24,52,0,0
3020,347.54,36,0,0
3021,346.89,48,0,0
3022,346.99,48,0,0
3023,346.91,42,0,0
3024,348.22,39,0,0
3025,347.78,50,0,0
3026,347.78,55,0,0
3027,345.56,82,0,0
3028,347.6,41,0,0
3029,348.24,49,0,0
3030,347.59,36,0,0
3031,347.8,34,0,0
3032,347.59,36,0,0
3033,347.63,46,0,0
3034,347.46,46,0,0
3035,347.31,48,0,0
3036,346.28,44,0,0
3037,346.85,42,0,0
3038,347.59,46,0,0
3039,347.65,56,0,0
3040,347.92,46,0,0
3041,346.41,62,0,0
3042,347.2,55,0,0
3043,346.93,48,0,0
3044,346.72,46,0,0
3045,347.23,46,0,0
3046,347.67,47,0,0
3047,347.37,48,0,0
3048,347.84,44,0,0
3049,346.97,48,0,0
3050,346.78,42,0,0
3051,347.41,44,0,0
3052,347.55,45,0,0
3053,346.86,42,0,0
3054,347.55,40,0,0
3055,347.8,43,0,0
3056,347.86,40,0,0
3057,347.56,36,0,0
3058,347.92,41,0,0
3059,347.83,34,0,0
3060,346.65,50,0,0
3061,347.86,35,0,0
3062,346.93,48,0,0
3063,347.55,36,0,0
3064,347.59,42,0,0
3065,347.02,44,0,0
3066,347.27,48,0,0
3067,346.87,48,0,0
3068,347.8,53,0,0
3069,347.53,50,0,0
3070,347.07,40,0,0
3071,347.7,38,0,0
3072,347.36,38,0,0
3073,347.39,48,0,0
3074,346.5,52,0,0
3075,347.76,34,0,0
3076,346.54,90,0,0
3077,347.15,36,0,0
3078,347.73,39,0,0
3079,347.83,36,0,0
3080,347.46,58,0,0
3081,348.25,44,0,0
3082,346.69,49,0,0
3083,348.05,32,0,0
3084,347.97,36,0,0
3085,346.83,42,0,0
3086,347.59,41,0,0
3087,347.03,40,0,0
3088,347.24,46,0,0
3089,347.83,39,0,0
3090,347.54,40,0,0
3091,347.68,38,0,0
3092,347.88,40,0,0
3093,347.51,36,0,0
3094,345.77,62,0,0
3095,347.56,40,0,0
3096,348.02,42,0,0
3097,346.37,46,0,0
3098,347.43,44,0,0
3099,346.84,51,0,0
3100,346.98,40,0,0
3101,346.97,39,0,0
3102,346.71,40,0,0
3103,347.51,41,0,0
3104,348.39,36,0,0
3105,347.77,49,0,0
3106,346.68,40,0,0
3107,347.71,38,0,0
3108,346.98,44,0,0
3109,348.08,47,0,0
3110,347.73,52,0,0
3111,347.37,38,0,0
3112,346.85,47,0,0
3113,348.17,34,0,0
3114,347.73,39,0,0
3115,346.27,44,0,0
3116,346.92,44,0,0
3117,346.47,42,0,0
3118,347.56,36,0,0
3119,347.55,42,0,0
3120,347.92,35,0,0
3121,347.66,32,0,0
3122,347.31,52,0,0
3123,347.75,38,0,0
3124,347.82,49,0,0
3125,347.51,40,0,0
3126,347.36,44,0,0
3127,347.99,50,0,0
3128,347.96,36,0,0
3129,347.31,38,0,0
3130,348.06,32,0,0
3131,348.05,32,0,0
3132,346.97,48,0,0
3133,347.55,36,0,0
3134,347.18,36,0,0
3135,347.81,34,0,0
3136,347.83,44,0,0
3137,346.69,40,0,0
3138,347.43,34,0,0
3139,347.11,49,0,0
3140,348.21,40,0,0
3141,347.95,36,0,0
3142,347.51,40,0,0
3143,347.08,42,0,0
3144,347.79,44,0,0
3145,347.95,41,0,0
3146,347.12,41,0,0
3147,347.2,42,0,0
3148,348.08,42,0,0
3149,346.71,40,0,0
3150,348.16,38,0,0
3151,347.58,36,0,0
3152,346.49,52,0,0
3153,347.33,48,0,0
3154,346.79,69,0,0
3155,347.5,40,0,0
3156,347.63,42,0,0
3157,346.76,60,0,0
3158,347.93,40,0,0
3159,347.4,48,0,0
3160,347.22,38,0,0
3161,347.56,41,0,0
3162,347.8,63,0,0
3163,346.77,50,0,0
3164,345.91,50,0,0
3165,348.04,32,0,0
3166,347.31,38,0,0
3167,347.25,65,0,0
3168,347.99,47,0,0
3169,347.66,32,0,0
3170,347.32,52,0,0
3171,347.57,50,0,0
3172,347.68,34,0,0
3173,347.87,40,0,0
3174,347.8,34,0,0
3175,347.23,46,0,0
3176,346.55,66,0,0
3177,347.12,40,0,0
3178,347.88,30,0,0
3179,347.59,36,0,0
3180,347.38,38,0,0
3181,346.88,61,0,0
3182,347.36,36,0,0
3183,347.68,42,0,0
3184,347.18,41,0,0
3185,347.55,36,0,0
3186,345.87,64,0,0
3187,346.88,38,0,0
3188,346.85,42,0,0
3189,347.52,36,0,0
3190,346.69,53,0,0
3191,347.7,56,0,0
3192,347.39,48,0,0
3193,348.4,36,0,0
3194,347.97,41,0,0
3195,347.57,36,0,0
3196,346.64,44,0,0
3197,347.06,44,0,0
3198,347.48,40,0,0
3199,347.95,42,0,0
3200,347.92,40,0,0
3201,347.83,34,0,0
3202,347.26,42,0,0
3203,347.9,40,0,0
3204,347.26,51,0,0
3205,347.49,40,0,0
3206,347.54,46,0,0
3207,347.24,42,0,0
3208,347.06,39,0,0
3209,346.88,56,0,0
3210,348.04,32,0,0
3211,345.83,54,0,0
3212,347.41,48,0,0
3213,347.33,38,0,0
3214,347.56,36,0,0
3215,347.05,44,0,0
3216,347.07,40,0,0
3217,347.42,40,0,0
3218,347.77,34,0,0
3219,347.92,40,0,0
3220,347.8,34,0,0
3221,347.57,38,0,0
3222,347.29,38,0,0
3223,347.55,36,0,0
3224,346.54,42,0,0
3225,347.86,58,0,0
3226,347.47,40,0,0
3227,347.63,32,0,0
3228,347.12,45,0,0
3229,348.14,48,0,0
3230,346.83,48,0,0
3231,348.1,42,0,0
3232,347.14,50,0,0
3233,347.51,36,0,0
3234,347.41,34,0,0
3235,348.06,44,0,0
3236,348.02,46,0,0
3237,347.35,61,0,0
3238,347.33,38,0,0
3239,347.57,36,0,0
3240,347.91,50,0,0
3241,347.8,34,0,0
3242,346.93,42,0,0
3243,347.62,46,0,0
3244,346.72,59,0,0
3245,346.51,56,0,0
3246,346.78,46,0,0
3247,347.5,44,0,0
3248,347.32,38,0,0
3249,347.15,51,0,0
3250,346.82,38,0,0
3251,347.93,40,0,0
3252,347.23,46,0,0
3253,347.83,48,0,0
3254,347.81,34,0,0
3255,347.88,40,0,0
3256,347.46,36,0,0
3257,347.48,45,0,0
3258,347.36,38,0,0
3259,347.74,38,0,0
3260,347.65,42,0,0
3261,346.95,43,0,0
3262,348.28,45,0,0
3263,347.57,45,0,0
3264,346.94,62,0,0
3265,347.46,35,0,0
3266,346.38,52,0,0
3267,347.35,38,0,0
3268,347.0,52,0,0
3269,347.62,32,0,0
3270,346.74,45,0,0
3271,346.94,48,0,0
3272,348.19,34,0,0
3273,346.82,46,0,0
3274,348.02,37,0,0
3275,347.66,42,0,0
3276,347.83,34,0,0
3277,347.59,36,0,0
3278,347.7,42,0,0
3279,346.91,48,0,0
3280,347.69,42,0,0
3281,346.82,41,0,0
3282,347.34,44,0,0
3283,347.24,46,0,0
3284,347.87,30,0,0
3285,347.74,38,0,0
3286,347.83,44,0,0
3287,347.56,50,0,0
3288,346.84,52,0,0
3289,347.7,42,0,0
3290,346.96,44,0,0
3291,347.37,39,0,0
3292,346.94,38,0,0
3293,347.88,30,0,0
3294,347.17,41,0,0
3295,347.28,42,0,0
3296,347.46,39,0,0
3297,348.25,39,0,0
3298,348.19,34,0,0
3299,346.69,49,0,0
3300,347.51,40,0,0
3301,346.59,48,0,0
3302,347.54,40,0,0
3303,347.37,44,0,0
3304,347.57,36,0,0
3305,347.75,38,0,0
3306,347.32,56,0,0
3307,347.31,38,0,0
3308,347.09,50,0,0
3309,347.77,38,0,0
3310,346.65,44,0,0
3311,348.22,34,0,0
3312,347.54,36,0,0
3313,347.89,40,0,0
3314,347.44,39,0,0
3315,347.92,49,0,0
3316,347.18,36,0,0
3317,347.16,36,0,0
3318,347.76,34,0,0
3319,347.46,44,0,0
3320,347.43,34,0,0
3321,347.69,48,0,0
3322,347.2,36,0,0
3323,347.46,44,0,0
3324,347.4,34,0,0
3325,347.19,36,0,0
3326,346.84,46,0,0
3327,346.54,48,0,0
3328,347.98,38,0,0
3329,347.0,44,0,0
3330,347.85,50,0,0
3331,347.3,42,0,0
3332,347.66,46,0,0
3333,347.15,50,0,0
3334,347.82,48,0,0
3335,347.06,40,0,0
3336,347.25,42,0,0
3337,346.94,52,0,0
3338,347.29,42,0,0
3339,347.11,40,0,0
3340,348.17,38,0,0
3341,347.5,44,0,0
3342,347.71,33,0,0
3343,347.13,54,0,0
3344,347.78,34,0,0
3345,348.06,48,0,0
3346,347.24,42,0,0
3347,347.49,40,0,0
3348,346.89,52,0,0
3349,347.49,40,0,0
3350,346.74,41,0,0
3351,347.15,46,0,0
3352,347.63,46,0,0
3353,347.36,48,0,0
3354,347.21,56,0,0
3355,347.55,36,0,0
3356,346.75,46,0,0
3357,346.94,43,0,0
3358,347.13,40,0,0
3359,347.6,36,0,0
3360,347.15,50,0,0
3361,346.73,50,0,0
3362,346.95,44,0,0
3363,347.76,49,0,0
3364,347.48,40,0,0
3365,347.39,40,0,0
3366,347.49,40,0,0
3367,346.95,38,0,0
3368,348.18,38,0,0
3369,347.87,36,0,0
3370,347.7,38,0,0
3371,347.33,38,0,0
3372,347.69,33,0,0
3373,347.34,38,0,0
3374,347.34,34,0,0
3375,347.41,34,0,0
3376,347.83,34,0,0
3377,347.35,38,0,0
3378,347.82,39,0,0
3379,346.51,48,0,0
3380,347.1,40,0,0
3381,347.64,46,0,0
3382,347.3,42,0,0
3383,347.29,42,0,0
3384,347.19,36,0,0
3385,347.19,36,0,0
3386,347.56,36,0,0
3387,347.34,38,0,0
3388,347.74,38,0,0
3389,347.44,34,0,0
3390,347.01,48,0,0
3391,348.37,37,0,0
3392,347.66,38,0,0
3393,347.75,38,0,0
3394,347.71,38,0,0
3395,347.92,51,0,0
3396,346.51,48,0,0
3397,347.3,52,0,0
3398,347.5,40,0,0
3399,347.56,46,0,0
3400,347.6,51,0,0
3401,346.35,54,0,0
3402,348.25,40,0,0
3403,346.91,42,0,0
3404,347.95,40,0,0
3405,347.92,40,0,0
3406,347.35,48,0,0
3407,348.04,52,0,0
3408,347.68,42,0,0
3409,347.67,32,0,0
3410,347.38,48,0,0
3411,348.04,32,0,0
3412,348.16,38,0,0
3413,347.34,34,0,0
3414,347.07,44,0,0
3415,347.24,42,0,0
3416,346.76,60,0,0
3417,346.94,38,0,0
3418,346.21,54,0,0
3419,347.76,38,0,0
3420,347.31,47,0,0
3421,347.37,38,0,0
3422,347.64,32,0,0
3423,346.75,55,0,0
3424,347.77,34,0,0
3425,347.46,44,0,0
3426,347.92,36,0,0
3427,346.37,42,0,0
3428,347.01,44,0,0
3429,347.52,55,0,0
3430,347.73,38,0,0
3431,346.97,44,0,0
3432,347.34,38,0,0
3433,347.87,40,0,0
3434,347.45,50,0,0
3435,347.44,44,0,0
3436,345.72,52,0,0
3437,348.0,36,0,0
3438,347.51,35,0,0
3439,347.59,38,0,0
3440,347.68,37,0,0
3441,347.38,48,0,0
3442,347.31,42,0,0
3443,346.46,42,0,0
3444,347.38,38,0,0
3445,347.82,48,0,0
3446,347.08,40,0,0
3447,347.32,47,0,0
3448,347.81,34,0,0
3449,348.1,38,0,0
3450,347.19,36,0,0
3451,347.66,32,0,0
3452,347.44,34,0,0
3453,347.22,46,0,0
3454,347.57,36,0,0
3455,347.13,36,0,0
3456,347.28,38,0,0
3457,348.15,38,0,0
3458,347.41,34,0,0
3459,346.95,38,0,0
3460,347.04,44,0,0
3461,348.37,46,0,0
3462,347.55,46,0,0
3463,346.94,38,0,0
3464,346.54,48,0,0
3465,347.56,40,0,0
3466,347.31,38,0,0
3467,347.71,34,0,0
3468,347.36,34,0,0
3469,347.86,30,0,0
3470,347.93,36,0,0
3471,347.66,38,0,0
3472,347.88,30,0,0
3473,346.87,46,0,0
3474,347.69,38,0,0
3475,346.79,60,0,0
3476,347.82,34,0,0
3477,346.31,44,0,0
3478,347.16,40,0,0
3479,347.56,55,0,0
3480,347.28,42,0,0
3481,346.27,50,0,0
3482,347.93,40,0,0
3483,346.75,50,0,0
3484,347.57,36,0,0
3485,348.41,37,0,0
3486,347.35,34,0,0
3487,347.77,38,0,0
3488,347.88,36,0,0
3489,347.42,34,0,0
3490,347.37,38,0,0
3491,347.88,30,0,0
3492,347.56,36,0,0
3493,347.29,42,0,0
3494,347.58,41,0,0
3495,347.17,42,0,0
3496,347.61,36,0,0
3497,346.68,40,0,0
3498,346.46,42,0,0
3499,347.76,34,0,0
3500,348.16,38,0,0
3501,345.94,64,0,0
3502,347.22,46,0,0
3503,347.26,52,0,0
3504,347.37,44,0,0
3505,347.02,44,0,0
3506,347.7,42,0,0
3507,347.12,50,0,0
3508,347.21,46,0,0
3509,347.41,34,0,0
3510,347.02,36,0,0
3511,347.41,48,0,0
3512,347.36,38,0,0
3513,346.99,44,0,0
3514,347.46,39,0,0
3515,347.39,53,0,0
3516,347.16,36,0,0
3517,348.07,43,0,0
3518,347.42,34,0,0
3519,347.68,34,0,0
3520,346.87,42,0,0
3521,346.61,44,0,0
3522,347.38,48,0,0
3523,346.19,62,0,0
3524,347.32,42,0,0
3525,347.34,40,0,0
3526,347.45,44,0,0
3527,347.51,40,0,0
3528,346.36,46,0,0
3529,347.93,40,0,0
3530,347.38,40,0,0
3531,347.04,40,0,0
3532,347.45,44,0,0
3533,347.63,32,0,0
3534,347.6,37,0,0
3535,347.75,38,0,0
3536,346.83,46,0,0
3537,347.74,34,0,0
3538,347.25,42,0,0
3539,347.85,40,0,0
3540,347.24,46,0,0
3541,347.45,45,0,0
3542,348.11,33,0,0
3543,347.32,42,0,0
3544,347.5,36,0,0
3545,347.5,36,0,0
3546,347.65,32,0,0
3547,347.67,46,0,0
3548,347.78,44,0,0
3549,347.33,38,0,0
3550,347.42,34,0,0
3551,348.04,32,0,0
3552,347.6,36,0,0
3553,346.99,43,0,0
3554,347.54,40,0,0
3555,348.21,44,0,0
3556,347.36,38,0,0
3557,347.61,56,0,0
3558,348.33,35,0,0
3559,347.51,40,0,0
3560,347.91,50,0,0
3561,347.54,42,0,0
3562,347.84,34,0,0
3563,347.73,38,0,0
3564,347.8,44,0,0
3565,347.56,40,0,0
3566,347.82,34,0,0
3567,347.97,36,0,0
3568,347.87,30,0,0
3569,347.33,34,0,0
3570,348.0,32,0,0
3571,347.31,52,0,0
3572,347.54,40,0,0
3573,347.08,44,0,0
3574,347.68,33,0,0
3575,347.92,54,0,0
3576,347.99,37,0,0
3577,347.8,34,0,0
3578,347.72,43,0,0
3579,348.09,38,0,0
3580,347.51,40,0,0
3581,347.52,41,0,0
3582,347.39,34,0,0
3583,348.14,38,0,0
3584,347.98,47,0,0
3585,347.95,36,0,0
3586,347.1,36,0,0
3587,347.79,48,0,0
3588,347.32,38,0,0
3589,347.43,34,0,0
3590,347.54,40,0,0
3591,347.82,34,0,0
3592,347.7,48,0,0
3593,347.4,40,0,0
3594,347.94,36,0,0
3595,347.37,34,0,0
3596,346.96,43,0,0
3597,347.3,42,0,0
3598,347.6,36,0,0
3599,347.03,44,0,0
3600,347.63,32,0,0
3601,346.66,53,0,0
3602,347.58,42,0,0
3603,348.41,41,0,0
3604,347.33,38,0,0
3605,347.67,32,0,0
3606,347.58,50,0,0
3607,347.39,48,0,0
3608,347.43,34,0,0
3609,346.66,54,0,0
3610,347.17,46,0,0
3611,347.41,34,0,0
3612,347.43,39,0,0
3613,347.18,46,0,0
3614,347.74,33,0,0
3615,347.44,39,0,0
3616,347.94,40,0,0
3617,346.9,44,0,0
3618,347.5,40,0,0
3619,347.68,42,0,0
3620,347.15,46,0,0
3621,347.47,44,0,0
3622,347.62,32,0,0
3623,347.84,44,0,0
3624,347.81,34,0,0
3625,347.87,30,0,0
3626,347.18,42,0,0
3627,347.74,38,0,0
3628,347.81,43,0,0
3629,347.58,36,0,0
3630,347.24,48,0,0
3631,346.91,38,0,0
3632,347.46,40,0,0
3633,347.38,34,0,0
3634,347.52,36,0,0
3635,348.09,38,0,0
3636,347.74,38,0,0
3637,347.81,34,0,0
3638,347.14,42,0,0
3639,346.45,51,0,0
3640,347.44,34,0,0
3641,347.42,34,0,0
3642,347.16,36,0,0
3643,346.96,38,0,0
3644,347.5,54,0,0
3645,347.72,42,0,0
3646,346.86,42,0,0
3647,347.02,40,0,0
3648,347.76,38,0,0
3649,347.85,40,0,0
3650,347.82,40,0,0
3651,347.46,44,0,0
3652,347.21,46,0,0
3653,347.11,36,0,0
3654,347.81,34,0,0
3655,347.41,34,0,0
3656,346.75,40,0,0
3657,347.98,36,0,0
3658,347.35,34,0,0
3659,347.09,40,0,0
3660,347.71,38,0,0
3661,347.39,38,0,0
3662,347.38,34,0,0
3663,347.58,42,0,0
3664,346.65,44,0,0
3665,346.71,50,0,0
3666,348.06,32,0,0
3667,347.22,52,0,0
3668,346.57,58,0,0
3669,347.17,42,0,0
3670,346.65,44,0,0
3671,347.75,38,0,0
3672,347.62,46,0,0
3673,347.19,42,0,0
3674,347.19,46,0,0
3675,347.61,36,0,0
3676,347.55,36,0,0
3677,347.31,38,0,0
3678,348.0,36,0,0
3679,347.66,56,0,0
3680,346.88,51,0,0
3681,347.41,34,0,0
3682,347.42,58,0,0
3683,347.62,42,0,0
3684,347.67,42,0,0
3685,347.7,38,0,0
3686,347.87,30,0,0
3687,347.21,46,0,0
3688,347.32,42,0,0
3689,347.73,38,0,0
3690,347.09,50,0,0
3691,346.89,56,0,0
3692,347.35,43,0,0
3693,347.4,34,0,0
3694,347.6,36,0,0
3695,347.45,35,0,0
3696,347.99,37,0,0
3697,348.1,38,0,0
3698,347.69,42,0,0
3699,347.05,48,0,0
3700,346.95,38,0,0
3701,347.53,36,0,0
3702,347.5,40,0,0
3703,347.99,46,0,0
3704,346.84,38,0,0
3705,346.84,46,0,0
3706,347.34,38,0,0
3707,346.33,50,0,0
3708,347.58,41,0,0
3709,347.87,44,0,0
3710,346.83,56,0,0
3711,347.88,36,0,0
3712,347.63,47,0,0
3713,347.36,38,0,0
3714,347.48,40,0,0
3715,347.06,44,0,0
3716,348.06,38,0,0
3717,347.82,34,0,0
3718,347.22,38,0,0
3719,347.15,40,0,0
3720,346.28,58,0,0
3721,347.72,52,0,0
3722,346.44,50,0,0
3723,347.38,38,0,0
3724,347.4,39,0,0
3725,347.52,50,0,0
3726,347.02,48,0,0
3727,347.08,36,0,0
3728,347.02,40,0,0
3729,347.76,34,0,0
3730,347.89,35,0,0
3731,347.66,32,0,0
3732,347.36,34,0,0
3733,347.43,49,0,0
3734,348.01,37,0,0
3735,347.41,44,0,0
3736,347.34,34,0,0
3737,348.34,45,0,0
3738,346.9,42,0,0
3739,347.36,38,0,0
3740,347.34,38,0,0
3741,347.57,36,0,0
3742,347.37,34,0,0
3743,347.69,38,0,0
3744,347.36,38,0,0
3745,347.75,33,0,0
